Datetime,Close
2026-06-08 09:30:00-04:00,313.57000732421875
2026-06-08 09:35:00-04:00,311.8699951171875
2026-06-08 09:40:00-04:00,311.489990234375
2026-06-08 09:45:00-04:00,311.6499938964844
2026-06-08 09:50:00-04:00,312.489990234375
2026-06-08 09:55:00-04:00,310.9200134277344
2026-06-08 10:00:00-04:00,311.6400146484375
2026-06-08 10:05:00-04:00,311.5400085449219
2026-06-08 10:10:00-04:00,310.92999267578125
2026-06-08 10:15:00-04:00,310.32000732421875
2026-06-08 10:20:00-04:00,311.4849853515625
2026-06-08 10:25:00-04:00,311.9750061035156
2026-06-08 10:30:00-04:00,312.3699951171875
2026-06-08 10:35:00-04:00,312.489990234375
2026-06-08 10:40:00-04:00,312.8699951171875
2026-06-08 10:45:00-04:00,314.0799865722656
2026-06-08 10:50:00-04:00,314.54998779296875
2026-06-08 10:55:00-04:00,315.2699890136719
2026-06-08 11:00:00-04:00,314.6499938964844
2026-06-08 11:05:00-04:00,314.8599853515625
2026-06-08 11:10:00-04:00,314.2850036621094
2026-06-08 11:15:00-04:00,314.30999755859375
2026-06-08 11:20:00-04:00,314.40509033203125
2026-06-08 11:25:00-04:00,313.92999267578125
2026-06-08 11:30:00-04:00,313.5799865722656
2026-06-08 11:35:00-04:00,313.9700012207031
2026-06-08 11:40:00-04:00,314.1799011230469
2026-06-08 11:45:00-04:00,314.0425109863281
2026-06-08 11:50:00-04:00,314.0849914550781
2026-06-08 11:55:00-04:00,313.6099853515625
2026-06-08 12:00:00-04:00,313.7430114746094
2026-06-08 12:05:00-04:00,313.94000244140625
2026-06-08 12:10:00-04:00,314.0450134277344
2026-06-08 12:15:00-04:00,314.625
2026-06-08 12:20:00-04:00,314.5299987792969
2026-06-08 12:25:00-04:00,313.6650085449219
2026-06-08 12:30:00-04:00,313.1700134277344
2026-06-08 12:35:00-04:00,313.1449890136719
2026-06-08 12:40:00-04:00,313.2850036621094
2026-06-08 12:45:00-04:00,313.81500244140625
2026-06-08 12:50:00-04:00,313.6300048828125
2026-06-08 12:55:00-04:00,313.5
2026-06-08 13:00:00-04:00,313.30999755859375
2026-06-08 13:05:00-04:00,313.62200927734375
2026-06-08 13:10:00-04:00,313.4599914550781
2026-06-08 13:15:00-04:00,312.7650146484375
2026-06-08 13:20:00-04:00,312.5199890136719
2026-06-08 13:25:00-04:00,314.57000732421875
2026-06-08 13:30:00-04:00,316.9949951171875
2026-06-08 13:35:00-04:00,312.7250061035156
2026-06-08 13:40:00-04:00,308.8299865722656
2026-06-08 13:45:00-04:00,309.0150146484375
2026-06-08 13:50:00-04:00,310.1300048828125
2026-06-08 13:55:00-04:00,308.4549865722656
2026-06-08 14:00:00-04:00,305.8800048828125
2026-06-08 14:05:00-04:00,304.3800048828125
2026-06-08 14:10:00-04:00,304.7200012207031
2026-06-08 14:15:00-04:00,305.17498779296875
2026-06-08 14:20:00-04:00,305.5299987792969
2026-06-08 14:25:00-04:00,304.8599853515625
2026-06-08 14:30:00-04:00,303.875
2026-06-08 14:35:00-04:00,303.5199890136719
2026-06-08 14:40:00-04:00,302.8299865722656
2026-06-08 14:45:00-04:00,303.8550109863281
2026-06-08 14:50:00-04:00,303.7449951171875
2026-06-08 14:55:00-04:00,303.80999755859375
2026-06-08 15:00:00-04:00,304.614990234375
2026-06-08 15:05:00-04:00,303.92999267578125
2026-06-08 15:10:00-04:00,304.25
2026-06-08 15:15:00-04:00,304.0199890136719
2026-06-08 15:20:00-04:00,302.3611145019531
2026-06-08 15:25:00-04:00,302.7049865722656
2026-06-08 15:30:00-04:00,302.0299987792969
2026-06-08 15:35:00-04:00,302.6600036621094
2026-06-08 15:40:00-04:00,302.8299865722656
2026-06-08 15:45:00-04:00,302.010009765625
2026-06-08 15:50:00-04:00,301.3399963378906
2026-06-08 15:55:00-04:00,301.57000732421875
2026-06-09 09:30:00-04:00,297.9750061035156
2026-06-09 09:35:00-04:00,298.7200012207031
2026-06-09 09:40:00-04:00,297.2699890136719
2026-06-09 09:45:00-04:00,298.1278991699219
2026-06-09 09:50:00-04:00,296.8900146484375
2026-06-09 09:55:00-04:00,296.1499938964844
2026-06-09 10:00:00-04:00,294.7149963378906
2026-06-09 10:05:00-04:00,294.69500732421875
2026-06-09 10:10:00-04:00,294.0350036621094
2026-06-09 10:15:00-04:00,292.7950134277344
2026-06-09 10:20:00-04:00,293.3700866699219
2026-06-09 10:25:00-04:00,292.5299987792969
2026-06-09 10:30:00-04:00,292.3399963378906
2026-06-09 10:35:00-04:00,293.3599853515625
2026-06-09 10:40:00-04:00,293.2900085449219
2026-06-09 10:45:00-04:00,292.6099853515625
2026-06-09 10:50:00-04:00,292.610107421875
2026-06-09 10:55:00-04:00,293.1199951171875
2026-06-09 11:00:00-04:00,292.94500732421875
2026-06-09 11:05:00-04:00,293.1000061035156
2026-06-09 11:10:00-04:00,293.489990234375
2026-06-09 11:15:00-04:00,293.44000244140625
2026-06-09 11:20:00-04:00,292.57000732421875
2026-06-09 11:25:00-04:00,291.5799865722656
2026-06-09 11:30:00-04:00,291.4200134277344
2026-06-09 11:35:00-04:00,291.760009765625
2026-06-09 11:40:00-04:00,291.2099914550781
2026-06-09 11:45:00-04:00,291.3999938964844
2026-06-09 11:50:00-04:00,291.6459045410156
2026-06-09 11:55:00-04:00,291.1700134277344
2026-06-09 12:00:00-04:00,291.07000732421875
2026-06-09 12:05:00-04:00,290.6499938964844
2026-06-09 12:10:00-04:00,291.0299987792969
2026-06-09 12:15:00-04:00,290.6700134277344
2026-06-09 12:20:00-04:00,290.2099914550781
2026-06-09 12:25:00-04:00,289.5
2026-06-09 12:30:00-04:00,288.8699951171875
2026-06-09 12:35:00-04:00,288.0400085449219
2026-06-09 12:40:00-04:00,288.44219970703125
2026-06-09 12:45:00-04:00,288.3299865722656
2026-06-09 12:50:00-04:00,287.94500732421875
2026-06-09 12:55:00-04:00,289.1600036621094
2026-06-09 13:00:00-04:00,289.93499755859375
2026-06-09 13:05:00-04:00,290.1000061035156
2026-06-09 13:10:00-04:00,290.010009765625
2026-06-09 13:15:00-04:00,290.5
2026-06-09 13:20:00-04:00,290.2900085449219
2026-06-09 13:25:00-04:00,290.4599914550781
2026-06-09 13:30:00-04:00,290.6700134277344
2026-06-09 13:35:00-04:00,290.2799987792969
2026-06-09 13:40:00-04:00,290.05499267578125
2026-06-09 13:45:00-04:00,289.55999755859375
2026-06-09 13:50:00-04:00,289.57000732421875
2026-06-09 13:55:00-04:00,289.67999267578125
2026-06-09 14:00:00-04:00,289.5150146484375
2026-06-09 14:05:00-04:00,289.9800109863281
2026-06-09 14:10:00-04:00,289.9750061035156
2026-06-09 14:15:00-04:00,290.19500732421875
2026-06-09 14:20:00-04:00,290.7099914550781
2026-06-09 14:25:00-04:00,290.95001220703125
2026-06-09 14:30:00-04:00,291.55999755859375
2026-06-09 14:35:00-04:00,291.54998779296875
2026-06-09 14:40:00-04:00,290.5
2026-06-09 14:45:00-04:00,290.56500244140625
2026-06-09 14:50:00-04:00,290.5799865722656
2026-06-09 14:55:00-04:00,291.32000732421875
2026-06-09 15:00:00-04:00,291.74578857421875
2026-06-09 15:05:00-04:00,291.5599060058594
2026-06-09 15:10:00-04:00,291.05499267578125
2026-06-09 15:15:00-04:00,290.4800109863281
2026-06-09 15:20:00-04:00,290.8999938964844
2026-06-09 15:25:00-04:00,291.1300048828125
2026-06-09 15:30:00-04:00,290.79998779296875
2026-06-09 15:35:00-04:00,290.20001220703125
2026-06-09 15:40:00-04:00,289.2099914550781
2026-06-09 15:45:00-04:00,289.0199890136719
2026-06-09 15:50:00-04:00,291.57501220703125
2026-06-09 15:55:00-04:00,290.3599853515625
2026-06-10 09:30:00-04:00,288.7099914550781
2026-06-10 09:35:00-04:00,289.1650085449219
2026-06-10 09:40:00-04:00,289.92498779296875
2026-06-10 09:45:00-04:00,289.1700134277344
2026-06-10 09:50:00-04:00,288.8500061035156
2026-06-10 09:55:00-04:00,289.489990234375
2026-06-10 10:00:00-04:00,290.2900085449219
2026-06-10 10:05:00-04:00,290.32000732421875
2026-06-10 10:10:00-04:00,290.739990234375
2026-06-10 10:15:00-04:00,290.5199890136719
2026-06-10 10:20:00-04:00,290.510009765625
2026-06-10 10:25:00-04:00,289.7349853515625
2026-06-10 10:30:00-04:00,290.04998779296875
2026-06-10 10:35:00-04:00,289.18499755859375
2026-06-10 10:40:00-04:00,288.7449951171875
2026-06-10 10:45:00-04:00,289.239990234375
2026-06-10 10:50:00-04:00,289.20001220703125
2026-06-10 10:55:00-04:00,289.6700134277344
2026-06-10 11:00:00-04:00,289.94000244140625
2026-06-10 11:05:00-04:00,290.0050048828125
2026-06-10 11:10:00-04:00,290.42999267578125
2026-06-10 11:15:00-04:00,290.2699890136719
2026-06-10 11:20:00-04:00,290.1050109863281
2026-06-10 11:25:00-04:00,289.989990234375
2026-06-10 11:30:00-04:00,290.2900085449219
2026-06-10 11:35:00-04:00,290.5799865722656
2026-06-10 11:40:00-04:00,291.385009765625
2026-06-10 11:45:00-04:00,290.6700134277344
2026-06-10 11:50:00-04:00,290.6499938964844
2026-06-10 11:55:00-04:00,291.2950134277344
2026-06-10 12:00:00-04:00,291.3599853515625
2026-06-10 12:05:00-04:00,290.8699951171875
2026-06-10 12:10:00-04:00,290.9150085449219
2026-06-10 12:15:00-04:00,291.25
2026-06-10 12:20:00-04:00,290.8999938964844
2026-06-10 12:25:00-04:00,291.7300109863281
2026-06-10 12:30:00-04:00,292.29998779296875
2026-06-10 12:35:00-04:00,292.6300048828125
2026-06-10 12:40:00-04:00,292.8599853515625
2026-06-10 12:45:00-04:00,292.625
2026-06-10 12:50:00-04:00,292.6099853515625
2026-06-10 12:55:00-04:00,292.29998779296875
2026-06-10 13:00:00-04:00,292.7784118652344
2026-06-10 13:05:00-04:00,292.260009765625
2026-06-10 13:10:00-04:00,292.1300048828125
2026-06-10 13:15:00-04:00,292.0299987792969
2026-06-10 13:20:00-04:00,292.6099853515625
2026-06-10 13:25:00-04:00,293.15008544921875
2026-06-10 13:30:00-04:00,292.9700012207031
2026-06-10 13:35:00-04:00,292.6499938964844
2026-06-10 13:40:00-04:00,292.70001220703125
2026-06-10 13:45:00-04:00,293.42999267578125
2026-06-10 13:50:00-04:00,293.2300109863281
2026-06-10 13:55:00-04:00,294.0199890136719
2026-06-10 14:00:00-04:00,294.5350036621094
2026-06-10 14:05:00-04:00,294.260009765625
2026-06-10 14:10:00-04:00,294.489990234375
2026-06-10 14:15:00-04:00,294.3299865722656
2026-06-10 14:20:00-04:00,294.260009765625
2026-06-10 14:25:00-04:00,294.30999755859375
2026-06-10 14:30:00-04:00,293.9200134277344
2026-06-10 14:35:00-04:00,293.6199951171875
2026-06-10 14:40:00-04:00,293.6099853515625
2026-06-10 14:45:00-04:00,293.4100036621094
2026-06-10 14:50:00-04:00,293.06500244140625
2026-06-10 14:55:00-04:00,292.8699951171875
2026-06-10 15:00:00-04:00,292.989990234375
2026-06-10 15:05:00-04:00,293.0450134277344
2026-06-10 15:10:00-04:00,292.8299865722656
2026-06-10 15:15:00-04:00,292.55999755859375
2026-06-10 15:20:00-04:00,291.95001220703125
2026-06-10 15:25:00-04:00,291.92999267578125
2026-06-10 15:30:00-04:00,292.2099914550781
2026-06-10 15:35:00-04:00,292.42999267578125
2026-06-10 15:40:00-04:00,292.1499938964844
2026-06-10 15:45:00-04:00,291.8800048828125
2026-06-10 15:50:00-04:00,292.3699951171875
2026-06-10 15:55:00-04:00,291.5
2026-06-11 09:30:00-04:00,291.32000732421875
2026-06-11 09:35:00-04:00,292.05999755859375
2026-06-11 09:40:00-04:00,292.04901123046875
2026-06-11 09:45:00-04:00,292.739990234375
2026-06-11 09:50:00-04:00,293.7799987792969
2026-06-11 09:55:00-04:00,291.5950012207031
2026-06-11 10:00:00-04:00,290.8800048828125
2026-06-11 10:05:00-04:00,290.6099853515625
2026-06-11 10:10:00-04:00,290.2200012207031
2026-06-11 10:15:00-04:00,290.1400146484375
2026-06-11 10:20:00-04:00,291.0799865722656
2026-06-11 10:25:00-04:00,290.5799865722656
2026-06-11 10:30:00-04:00,290.18499755859375
2026-06-11 10:35:00-04:00,290.6700134277344
2026-06-11 10:40:00-04:00,290.5400085449219
2026-06-11 10:45:00-04:00,290.75
2026-06-11 10:50:00-04:00,290.6000061035156
2026-06-11 10:55:00-04:00,289.8999938964844
2026-06-11 11:00:00-04:00,290.4049987792969
2026-06-11 11:05:00-04:00,290.82501220703125
2026-06-11 11:10:00-04:00,290.79998779296875
2026-06-11 11:15:00-04:00,290.8699951171875
2026-06-11 11:20:00-04:00,291.7200012207031
2026-06-11 11:25:00-04:00,291.19000244140625
2026-06-11 11:30:00-04:00,291.8949890136719
2026-06-11 11:35:00-04:00,292.55999755859375
2026-06-11 11:40:00-04:00,292.6700134277344
2026-06-11 11:45:00-04:00,292.9700012207031
2026-06-11 11:50:00-04:00,292.8699951171875
2026-06-11 11:55:00-04:00,293.3949890136719
2026-06-11 12:00:00-04:00,293.3900146484375
2026-06-11 12:05:00-04:00,293.6549987792969
2026-06-11 12:10:00-04:00,293.4901123046875
2026-06-11 12:15:00-04:00,293.57000732421875
2026-06-11 12:20:00-04:00,292.68499755859375
2026-06-11 12:25:00-04:00,292.9849853515625
2026-06-11 12:30:00-04:00,293.8999938964844
2026-06-11 12:35:00-04:00,293.8900146484375
2026-06-11 12:40:00-04:00,293.9400939941406
2026-06-11 12:45:00-04:00,293.95001220703125
2026-06-11 12:50:00-04:00,293.7300109863281
2026-06-11 12:55:00-04:00,293.75
2026-06-11 13:00:00-04:00,293.1199951171875
2026-06-11 13:05:00-04:00,293.6000061035156
2026-06-11 13:10:00-04:00,293.3699951171875
2026-06-11 13:15:00-04:00,293.17498779296875
2026-06-11 13:20:00-04:00,293.3299865722656
2026-06-11 13:25:00-04:00,295.9549865722656
2026-06-11 13:30:00-04:00,296.7850036621094
2026-06-11 13:35:00-04:00,296.1300048828125
2026-06-11 13:40:00-04:00,296.57049560546875
2026-06-11 13:45:00-04:00,295.9800109863281
2026-06-11 13:50:00-04:00,295.66009521484375
2026-06-11 13:55:00-04:00,295.7799987792969
2026-06-11 14:00:00-04:00,295.29998779296875
2026-06-11 14:05:00-04:00,295.5450134277344
2026-06-11 14:10:00-04:00,295.7799987792969
2026-06-11 14:15:00-04:00,296.3599853515625
2026-06-11 14:20:00-04:00,295.7449951171875
2026-06-11 14:25:00-04:00,295.5400085449219
2026-06-11 14:30:00-04:00,295.5249938964844
2026-06-11 14:35:00-04:00,295.260009765625
2026-06-11 14:40:00-04:00,295.4599914550781
2026-06-11 14:45:00-04:00,295.82501220703125
2026-06-11 14:50:00-04:00,295.7300109863281
2026-06-11 14:55:00-04:00,295.2099914550781
2026-06-11 15:00:00-04:00,295.3900146484375
2026-06-11 15:05:00-04:00,295.3299865722656
2026-06-11 15:10:00-04:00,295.3599853515625
2026-06-11 15:15:00-04:00,295.44500732421875
2026-06-11 15:20:00-04:00,295.2575988769531
2026-06-11 15:25:00-04:00,295.3999938964844
2026-06-11 15:30:00-04:00,295.8900146484375
2026-06-11 15:35:00-04:00,295.92999267578125
2026-06-11 15:40:00-04:00,296.019287109375
2026-06-11 15:45:00-04:00,295.5400085449219
2026-06-11 15:50:00-04:00,295.760009765625
2026-06-11 15:55:00-04:00,295.3599853515625
2026-06-12 09:30:00-04:00,295.3699951171875
2026-06-12 09:35:00-04:00,293.5899963378906
2026-06-12 09:40:00-04:00,292.3949890136719
2026-06-12 09:45:00-04:00,291.69000244140625
2026-06-12 09:50:00-04:00,291.4200134277344
2026-06-12 09:55:00-04:00,291.135009765625
2026-06-12 10:00:00-04:00,291.4599914550781
2026-06-12 10:05:00-04:00,291.45001220703125
2026-06-12 10:10:00-04:00,291.95001220703125
2026-06-12 10:15:00-04:00,292.8200988769531
2026-06-12 10:20:00-04:00,292.20001220703125
2026-06-12 10:25:00-04:00,291.9949951171875
2026-06-12 10:30:00-04:00,291.82000732421875
2026-06-12 10:35:00-04:00,291.42498779296875
2026-06-12 10:40:00-04:00,291.1099853515625
2026-06-12 10:45:00-04:00,290.260009765625
2026-06-12 10:50:00-04:00,291.260009765625
2026-06-12 10:55:00-04:00,291.739990234375
2026-06-12 11:00:00-04:00,292.1960144042969
2026-06-12 11:05:00-04:00,292.3949890136719
2026-06-12 11:10:00-04:00,292.7650146484375
2026-06-12 11:15:00-04:00,292.6499938964844
2026-06-12 11:20:00-04:00,292.7900085449219
2026-06-12 11:25:00-04:00,292.875
2026-06-12 11:30:00-04:00,292.4849853515625
2026-06-12 11:35:00-04:00,291.70001220703125
2026-06-12 11:40:00-04:00,291.8550109863281
2026-06-12 11:45:00-04:00,291.1600036621094
2026-06-12 11:50:00-04:00,291.9200134277344
2026-06-12 11:55:00-04:00,291.335205078125
2026-06-12 12:00:00-04:00,291.2200012207031
2026-06-12 12:05:00-04:00,291.139892578125
2026-06-12 12:10:00-04:00,291.94500732421875
2026-06-12 12:15:00-04:00,291.6199951171875
2026-06-12 12:20:00-04:00,291.739990234375
2026-06-12 12:25:00-04:00,291.5799865722656
2026-06-12 12:30:00-04:00,291.32000732421875
2026-06-12 12:35:00-04:00,291.0849914550781
2026-06-12 12:40:00-04:00,290.9800109863281
2026-06-12 12:45:00-04:00,291.3399963378906
2026-06-12 12:50:00-04:00,291.3599853515625
2026-06-12 12:55:00-04:00,291.2099914550781
2026-06-12 13:00:00-04:00,291.3599853515625
2026-06-12 13:05:00-04:00,291.38360595703125
2026-06-12 13:10:00-04:00,291.510009765625
2026-06-12 13:15:00-04:00,291.989990234375
2026-06-12 13:20:00-04:00,291.8999938964844
2026-06-12 13:25:00-04:00,291.4601135253906
2026-06-12 13:30:00-04:00,291.2749938964844
2026-06-12 13:35:00-04:00,291.20001220703125
2026-06-12 13:40:00-04:00,290.4100036621094
2026-06-12 13:45:00-04:00,290.54998779296875
2026-06-12 13:50:00-04:00,290.3299865722656
2026-06-12 13:55:00-04:00,289.8800048828125
2026-06-12 14:00:00-04:00,289.739990234375
2026-06-12 14:05:00-04:00,290.0799865722656
2026-06-12 14:10:00-04:00,290.2699890136719
2026-06-12 14:15:00-04:00,290.07501220703125
2026-06-12 14:20:00-04:00,290.2900085449219
2026-06-12 14:25:00-04:00,290.2250061035156
2026-06-12 14:30:00-04:00,290.4849853515625
2026-06-12 14:35:00-04:00,290.5899963378906
2026-06-12 14:40:00-04:00,290.64019775390625
2026-06-12 14:45:00-04:00,290.57000732421875
2026-06-12 14:50:00-04:00,290.6549987792969
2026-06-12 14:55:00-04:00,290.4800109863281
2026-06-12 15:00:00-04:00,290.8800048828125
2026-06-12 15:05:00-04:00,290.6600036621094
2026-06-12 15:10:00-04:00,290.6199951171875
2026-06-12 15:15:00-04:00,290.7850036621094
2026-06-12 15:20:00-04:00,290.7850036621094
2026-06-12 15:25:00-04:00,290.6400146484375
2026-06-12 15:30:00-04:00,290.5400085449219
2026-06-12 15:35:00-04:00,290.45001220703125
2026-06-12 15:40:00-04:00,290.55059814453125
2026-06-12 15:45:00-04:00,290.80999755859375
2026-06-12 15:50:00-04:00,291.3598937988281
2026-06-12 15:55:00-04:00,291.0799865722656
2026-06-15 09:30:00-04:00,293.7900085449219
2026-06-15 09:35:00-04:00,294.6300048828125
2026-06-15 09:40:00-04:00,295.05999755859375
2026-06-15 09:45:00-04:00,295.3800048828125
2026-06-15 09:50:00-04:00,295.1199951171875
2026-06-15 09:55:00-04:00,295.3583068847656
2026-06-15 10:00:00-04:00,295.55999755859375
2026-06-15 10:05:00-04:00,295.55999755859375
2026-06-15 10:10:00-04:00,295.8599853515625
2026-06-15 10:15:00-04:00,296.0899963378906
2026-06-15 10:20:00-04:00,295.510009765625
2026-06-15 10:25:00-04:00,295.67999267578125
2026-06-15 10:30:00-04:00,296.0950012207031
2026-06-15 10:35:00-04:00,295.4649963378906
2026-06-15 10:40:00-04:00,296.20001220703125
2026-06-15 10:45:00-04:00,296.5350036621094
2026-06-15 10:50:00-04:00,296.639892578125
2026-06-15 10:55:00-04:00,296.4830017089844
2026-06-15 11:00:00-04:00,296.7349853515625
2026-06-15 11:05:00-04:00,296.30999755859375
2026-06-15 11:10:00-04:00,296.30999755859375
2026-06-15 11:15:00-04:00,296.3699951171875
2026-06-15 11:20:00-04:00,296.5400085449219
2026-06-15 11:25:00-04:00,296.5299987792969
2026-06-15 11:30:00-04:00,296.47088623046875
2026-06-15 11:35:00-04:00,296.71490478515625
2026-06-15 11:40:00-04:00,297.0299987792969
2026-06-15 11:45:00-04:00,297.5350036621094
2026-06-15 11:50:00-04:00,297.30999755859375
2026-06-15 11:55:00-04:00,297.4800109863281
2026-06-15 12:00:00-04:00,297.4800109863281
2026-06-15 12:05:00-04:00,297.2699890136719
2026-06-15 12:10:00-04:00,297.07501220703125
2026-06-15 12:15:00-04:00,297.06500244140625
2026-06-15 12:20:00-04:00,297.239990234375
2026-06-15 12:25:00-04:00,297.239990234375
2026-06-15 12:30:00-04:00,297.2099914550781
2026-06-15 12:35:00-04:00,297.05999755859375
2026-06-15 12:40:00-04:00,296.9599914550781
2026-06-15 12:45:00-04:00,296.7099914550781
2026-06-15 12:50:00-04:00,296.69000244140625
2026-06-15 12:55:00-04:00,296.94500732421875
2026-06-15 13:00:00-04:00,296.5799865722656
2026-06-15 13:05:00-04:00,296.5950012207031
2026-06-15 13:10:00-04:00,296.70001220703125
2026-06-15 13:15:00-04:00,296.7950134277344
2026-06-15 13:20:00-04:00,296.8555908203125
2026-06-15 13:25:00-04:00,296.6600036621094
2026-06-15 13:30:00-04:00,296.5799865722656
2026-06-15 13:35:00-04:00,296.92999267578125
2026-06-15 13:40:00-04:00,296.5899963378906
2026-06-15 13:45:00-04:00,296.3900146484375
2026-06-15 13:50:00-04:00,295.9549865722656
2026-06-15 13:55:00-04:00,295.760009765625
2026-06-15 14:00:00-04:00,295.2301025390625
2026-06-15 14:05:00-04:00,295.75
2026-06-15 14:10:00-04:00,295.6400146484375
2026-06-15 14:15:00-04:00,295.1700134277344
2026-06-15 14:20:00-04:00,295.20001220703125
2026-06-15 14:25:00-04:00,295.07000732421875
2026-06-15 14:30:00-04:00,295.54998779296875
2026-06-15 14:35:00-04:00,295.8500061035156
2026-06-15 14:40:00-04:00,296.2099914550781
2026-06-15 14:45:00-04:00,296.2139892578125
2026-06-15 14:50:00-04:00,296.1700134277344
2026-06-15 14:55:00-04:00,296.3949890136719
2026-06-15 15:00:00-04:00,296.375
2026-06-15 15:05:00-04:00,296.29058837890625
2026-06-15 15:10:00-04:00,296.3949890136719
2026-06-15 15:15:00-04:00,296.0199890136719
2026-06-15 15:20:00-04:00,296.18011474609375
2026-06-15 15:25:00-04:00,296.5
2026-06-15 15:30:00-04:00,296.3800048828125
2026-06-15 15:35:00-04:00,296.1600036621094
2026-06-15 15:40:00-04:00,296.3200988769531
2026-06-15 15:45:00-04:00,296.3599853515625
2026-06-15 15:50:00-04:00,295.80999755859375
2026-06-15 15:55:00-04:00,296.4200134277344
2026-06-16 09:30:00-04:00,296.260009765625
2026-06-16 09:35:00-04:00,294.63189697265625
2026-06-16 09:40:00-04:00,295.3999938964844
2026-06-16 09:45:00-04:00,295.7699890136719
2026-06-16 09:50:00-04:00,297.4750061035156
2026-06-16 09:55:00-04:00,297.0799865722656
2026-06-16 10:00:00-04:00,297.4898986816406
2026-06-16 10:05:00-04:00,297.25
2026-06-16 10:10:00-04:00,297.4200134277344
2026-06-16 10:15:00-04:00,297.6549987792969
2026-06-16 10:20:00-04:00,297.5
2026-06-16 10:25:00-04:00,297.5350036621094
2026-06-16 10:30:00-04:00,297.1499938964844
2026-06-16 10:35:00-04:00,297.42999267578125
2026-06-16 10:40:00-04:00,297.3299865722656
2026-06-16 10:45:00-04:00,297.7699890136719
2026-06-16 10:50:00-04:00,297.8699951171875
2026-06-16 10:55:00-04:00,297.54998779296875
2026-06-16 11:00:00-04:00,297.7799987792969
2026-06-16 11:05:00-04:00,298.1199951171875
2026-06-16 11:10:00-04:00,298.1300048828125
2026-06-16 11:15:00-04:00,297.5
2026-06-16 11:20:00-04:00,298.07501220703125
2026-06-16 11:25:00-04:00,298.20001220703125
2026-06-16 11:30:00-04:00,297.7900085449219
2026-06-16 11:35:00-04:00,298.42498779296875
2026-06-16 11:40:00-04:00,298.0849914550781
2026-06-16 11:45:00-04:00,298.3949890136719
2026-06-16 11:50:00-04:00,298.239990234375
2026-06-16 11:55:00-04:00,298.1700134277344
2026-06-16 12:00:00-04:00,298.2799987792969
2026-06-16 12:05:00-04:00,298.510009765625
2026-06-16 12:10:00-04:00,299.0950012207031
2026-06-16 12:15:00-04:00,299.0264892578125
2026-06-16 12:20:00-04:00,299.04998779296875
2026-06-16 12:25:00-04:00,298.94000244140625
2026-06-16 12:30:00-04:00,298.9599914550781
2026-06-16 12:35:00-04:00,299.1199035644531
2026-06-16 12:40:00-04:00,299.0799865722656
2026-06-16 12:45:00-04:00,299.5899963378906
2026-06-16 12:50:00-04:00,299.3699951171875
2026-06-16 12:55:00-04:00,299.4700012207031
2026-06-16 13:00:00-04:00,299.2099914550781
2026-06-16 13:05:00-04:00,299.4800109863281
2026-06-16 13:10:00-04:00,299.6650085449219
2026-06-16 13:15:00-04:00,300.1600036621094
2026-06-16 13:20:00-04:00,300.1549987792969
2026-06-16 13:25:00-04:00,300.2749938964844
2026-06-16 13:30:00-04:00,300.17999267578125
2026-06-16 13:35:00-04:00,299.8999938964844
2026-06-16 13:40:00-04:00,299.8399963378906
2026-06-16 13:45:00-04:00,299.8999938964844
2026-06-16 13:50:00-04:00,299.6549987792969
2026-06-16 13:55:00-04:00,299.6000061035156
2026-06-16 14:00:00-04:00,299.5101013183594
2026-06-16 14:05:00-04:00,299.2799987792969
2026-06-16 14:10:00-04:00,298.9901123046875
2026-06-16 14:15:00-04:00,298.8599853515625
2026-06-16 14:20:00-04:00,298.67999267578125
2026-06-16 14:25:00-04:00,298.7250061035156
2026-06-16 14:30:00-04:00,298.7149963378906
2026-06-16 14:35:00-04:00,299.45001220703125
2026-06-16 14:40:00-04:00,299.53509521484375
2026-06-16 14:45:00-04:00,299.4100036621094
2026-06-16 14:50:00-04:00,299.30499267578125
2026-06-16 14:55:00-04:00,299.17559814453125
2026-06-16 15:00:00-04:00,298.8699035644531
2026-06-16 15:05:00-04:00,298.9725036621094
2026-06-16 15:10:00-04:00,298.9200134277344
2026-06-16 15:15:00-04:00,298.9200134277344
2026-06-16 15:20:00-04:00,298.47369384765625
2026-06-16 15:25:00-04:00,298.3399963378906
2026-06-16 15:30:00-04:00,298.3949890136719
2026-06-16 15:35:00-04:00,298.56500244140625
2026-06-16 15:40:00-04:00,298.57000732421875
2026-06-16 15:45:00-04:00,299.010009765625
2026-06-16 15:50:00-04:00,299.2799987792969
2026-06-16 15:55:00-04:00,299.25
2026-06-17 09:30:00-04:00,300.3399963378906
2026-06-17 09:35:00-04:00,300.75
2026-06-17 09:40:00-04:00,301.25
2026-06-17 09:45:00-04:00,299.8500061035156
2026-06-17 09:50:00-04:00,300.55499267578125
2026-06-17 09:55:00-04:00,300.29998779296875
2026-06-17 10:00:00-04:00,299.614990234375
2026-06-17 10:05:00-04:00,300.25
2026-06-17 10:10:00-04:00,300.45001220703125
2026-06-17 10:15:00-04:00,300.3599853515625
2026-06-17 10:20:00-04:00,300.6099853515625
2026-06-17 10:25:00-04:00,300.45001220703125
2026-06-17 10:30:00-04:00,299.793212890625
2026-06-17 10:35:00-04:00,298.9200134277344
2026-06-17 10:40:00-04:00,299.6000061035156
2026-06-17 10:45:00-04:00,299.3299865722656
2026-06-17 10:50:00-04:00,298.6300048828125
2026-06-17 10:55:00-04:00,298.5400085449219
2026-06-17 11:00:00-04:00,297.5199890136719
2026-06-17 11:05:00-04:00,297.2699890136719
2026-06-17 11:10:00-04:00,297.45001220703125
2026-06-17 11:15:00-04:00,297.80999755859375
2026-06-17 11:20:00-04:00,298.0050048828125
2026-06-17 11:25:00-04:00,297.42999267578125
2026-06-17 11:30:00-04:00,297.3999938964844
2026-06-17 11:35:00-04:00,297.0799865722656
2026-06-17 11:40:00-04:00,296.82000732421875
2026-06-17 11:45:00-04:00,297.31500244140625
2026-06-17 11:50:00-04:00,297.8599853515625
2026-06-17 11:55:00-04:00,298.55499267578125
2026-06-17 12:00:00-04:00,298.9150085449219
2026-06-17 12:05:00-04:00,298.25750732421875
2026-06-17 12:10:00-04:00,298.42999267578125
2026-06-17 12:15:00-04:00,298.7300109863281
2026-06-17 12:20:00-04:00,298.66009521484375
2026-06-17 12:25:00-04:00,298.614990234375
2026-06-17 12:30:00-04:00,298.6300048828125
2026-06-17 12:35:00-04:00,298.4200134277344
2026-06-17 12:40:00-04:00,298.4599914550781
2026-06-17 12:45:00-04:00,298.3999938964844
2026-06-17 12:50:00-04:00,298.4100036621094
2026-06-17 12:55:00-04:00,298.20001220703125
2026-06-17 13:00:00-04:00,297.2699890136719
2026-06-17 13:05:00-04:00,296.8699951171875
2026-06-17 13:10:00-04:00,296.7049865722656
2026-06-17 13:15:00-04:00,297.0199890136719
2026-06-17 13:20:00-04:00,296.8100891113281
2026-06-17 13:25:00-04:00,296.80999755859375
2026-06-17 13:30:00-04:00,296.4750061035156
2026-06-17 13:35:00-04:00,297.0400085449219
2026-06-17 13:40:00-04:00,296.8500061035156
2026-06-17 13:45:00-04:00,297.2101135253906
2026-06-17 13:50:00-04:00,297.45001220703125
2026-06-17 13:55:00-04:00,297.54998779296875
2026-06-17 14:00:00-04:00,296.2850036621094
2026-06-17 14:05:00-04:00,296.2550048828125
2026-06-17 14:10:00-04:00,295.8299865722656
2026-06-17 14:15:00-04:00,296.3599853515625
2026-06-17 14:20:00-04:00,295.6700134277344
2026-06-17 14:25:00-04:00,295.8349914550781
2026-06-17 14:30:00-04:00,295.2900085449219
2026-06-17 14:35:00-04:00,295.55999755859375
2026-06-17 14:40:00-04:00,296.29998779296875
2026-06-17 14:45:00-04:00,295.510009765625
2026-06-17 14:50:00-04:00,295.2699890136719
2026-06-17 14:55:00-04:00,294.5899963378906
2026-06-17 15:00:00-04:00,294.9649963378906
2026-06-17 15:05:00-04:00,295.00579833984375
2026-06-17 15:10:00-04:00,295.5400085449219
2026-06-17 15:15:00-04:00,295.090087890625
2026-06-17 15:20:00-04:00,295.0799865722656
2026-06-17 15:25:00-04:00,295.18499755859375
2026-06-17 15:30:00-04:00,295.1199951171875
2026-06-17 15:35:00-04:00,295.05999755859375
2026-06-17 15:40:00-04:00,294.94000244140625
2026-06-17 15:45:00-04:00,295.1499938964844
2026-06-17 15:50:00-04:00,295.385009765625
2026-06-17 15:55:00-04:00,295.8800048828125
2026-06-18 09:30:00-04:00,298.0899963378906
2026-06-18 09:35:00-04:00,296.364990234375
2026-06-18 09:40:00-04:00,297.69000244140625
2026-06-18 09:45:00-04:00,298.0299072265625
2026-06-18 09:50:00-04:00,298.1099853515625
2026-06-18 09:55:00-04:00,298.2749938964844
2026-06-18 10:00:00-04:00,298.8900146484375
2026-06-18 10:05:00-04:00,299.2699890136719
2026-06-18 10:10:00-04:00,298.989990234375
2026-06-18 10:15:00-04:00,299.2650146484375
2026-06-18 10:20:00-04:00,299.1400146484375
2026-06-18 10:25:00-04:00,299.6099853515625
2026-06-18 10:30:00-04:00,298.8699951171875
2026-06-18 10:35:00-04:00,299.4200134277344
2026-06-18 10:40:00-04:00,299.7099914550781
2026-06-18 10:45:00-04:00,300.3800048828125
2026-06-18 10:50:00-04:00,299.4599914550781
2026-06-18 10:55:00-04:00,299.17999267578125
2026-06-18 11:00:00-04:00,298.2701110839844
2026-06-18 11:05:00-04:00,298.3500061035156
2026-06-18 11:10:00-04:00,298.07000732421875
2026-06-18 11:15:00-04:00,297.3699951171875
2026-06-18 11:20:00-04:00,297.2749938964844
2026-06-18 11:25:00-04:00,297.1099853515625
2026-06-18 11:30:00-04:00,297.17498779296875
2026-06-18 11:35:00-04:00,297.0799865722656
2026-06-18 11:40:00-04:00,296.19000244140625
2026-06-18 11:45:00-04:00,296.2950134277344
2026-06-18 11:50:00-04:00,297.30999755859375
2026-06-18 11:55:00-04:00,297.3800048828125
2026-06-18 12:00:00-04:00,297.0
2026-06-18 12:05:00-04:00,296.79998779296875
2026-06-18 12:10:00-04:00,297.0849914550781
2026-06-18 12:15:00-04:00,297.3299865722656
2026-06-18 12:20:00-04:00,297.20001220703125
2026-06-18 12:25:00-04:00,297.489990234375
2026-06-18 12:30:00-04:00,297.17999267578125
2026-06-18 12:35:00-04:00,297.6099853515625
2026-06-18 12:40:00-04:00,297.489990234375
2026-06-18 12:45:00-04:00,297.29998779296875
2026-06-18 12:50:00-04:00,297.05499267578125
2026-06-18 12:55:00-04:00,297.1300048828125
2026-06-18 13:00:00-04:00,297.864990234375
2026-06-18 13:05:00-04:00,297.82000732421875
2026-06-18 13:10:00-04:00,298.19500732421875
2026-06-18 13:15:00-04:00,298.2200012207031
2026-06-18 13:20:00-04:00,297.7200012207031
2026-06-18 13:25:00-04:00,297.82000732421875
2026-06-18 13:30:00-04:00,297.81988525390625
2026-06-18 13:35:00-04:00,297.79998779296875
2026-06-18 13:40:00-04:00,297.55999755859375
2026-06-18 13:45:00-04:00,297.69500732421875
2026-06-18 13:50:00-04:00,297.7349853515625
2026-06-18 13:55:00-04:00,297.5700988769531
2026-06-18 14:00:00-04:00,297.29998779296875
2026-06-18 14:05:00-04:00,297.1600036621094
2026-06-18 14:10:00-04:00,297.55999755859375
2026-06-18 14:15:00-04:00,297.6000061035156
2026-06-18 14:20:00-04:00,297.3299865722656
2026-06-18 14:25:00-04:00,297.1099853515625
2026-06-18 14:30:00-04:00,297.3900146484375
2026-06-18 14:35:00-04:00,297.3999938964844
2026-06-18 14:40:00-04:00,297.6449890136719
2026-06-18 14:45:00-04:00,297.9750061035156
2026-06-18 14:50:00-04:00,297.92999267578125
2026-06-18 14:55:00-04:00,297.70001220703125
2026-06-18 15:00:00-04:00,297.5899963378906
2026-06-18 15:05:00-04:00,297.3399963378906
2026-06-18 15:10:00-04:00,297.1099853515625
2026-06-18 15:15:00-04:00,297.29998779296875
2026-06-18 15:20:00-04:00,297.2049865722656
2026-06-18 15:25:00-04:00,297.3800048828125
2026-06-18 15:30:00-04:00,297.2799987792969
2026-06-18 15:35:00-04:00,297.4649963378906
2026-06-18 15:40:00-04:00,297.54998779296875
2026-06-18 15:45:00-04:00,297.6499938964844
2026-06-18 15:50:00-04:00,298.05999755859375
2026-06-18 15:55:00-04:00,297.8900146484375
2026-06-22 09:30:00-04:00,298.42999267578125
2026-06-22 09:35:00-04:00,301.2101135253906
2026-06-22 09:40:00-04:00,301.5899963378906
2026-06-22 09:45:00-04:00,301.3699951171875
2026-06-22 09:50:00-04:00,301.2250061035156
2026-06-22 09:55:00-04:00,301.739990234375
2026-06-22 10:00:00-04:00,301.8399963378906
2026-06-22 10:05:00-04:00,302.3699951171875
2026-06-22 10:10:00-04:00,301.8500061035156
2026-06-22 10:15:00-04:00,301.5098876953125
2026-06-22 10:20:00-04:00,301.30499267578125
2026-06-22 10:25:00-04:00,301.20001220703125
2026-06-22 10:30:00-04:00,300.4800109863281
2026-06-22 10:35:00-04:00,300.0400085449219
2026-06-22 10:40:00-04:00,299.70001220703125
2026-06-22 10:45:00-04:00,299.8450012207031
2026-06-22 10:50:00-04:00,299.6400146484375
2026-06-22 10:55:00-04:00,299.79998779296875
2026-06-22 11:00:00-04:00,299.82000732421875
2026-06-22 11:05:00-04:00,299.18499755859375
2026-06-22 11:10:00-04:00,300.1098937988281
2026-06-22 11:15:00-04:00,299.94500732421875
2026-06-22 11:20:00-04:00,300.125
2026-06-22 11:25:00-04:00,299.94000244140625
2026-06-22 11:30:00-04:00,300.1700134277344
2026-06-22 11:35:00-04:00,300.7149963378906
2026-06-22 11:40:00-04:00,301.04998779296875
2026-06-22 11:45:00-04:00,300.29998779296875
2026-06-22 11:50:00-04:00,300.5799865722656
2026-06-22 11:55:00-04:00,300.8900146484375
2026-06-22 12:00:00-04:00,300.4068908691406
2026-06-22 12:05:00-04:00,300.760009765625
2026-06-22 12:10:00-04:00,300.7903137207031
2026-06-22 12:15:00-04:00,300.69500732421875
2026-06-22 12:20:00-04:00,300.510009765625
2026-06-22 12:25:00-04:00,300.5398864746094
2026-06-22 12:30:00-04:00,300.3299865722656
2026-06-22 12:35:00-04:00,300.17999267578125
2026-06-22 12:40:00-04:00,300.17498779296875
2026-06-22 12:45:00-04:00,300.2499084472656
2026-06-22 12:50:00-04:00,300.2099914550781
2026-06-22 12:55:00-04:00,299.9200134277344
2026-06-22 13:00:00-04:00,299.93499755859375
2026-06-22 13:05:00-04:00,299.67999267578125
2026-06-22 13:10:00-04:00,299.6050109863281
2026-06-22 13:15:00-04:00,299.8599853515625
2026-06-22 13:20:00-04:00,299.8999938964844
2026-06-22 13:25:00-04:00,299.80999755859375
2026-06-22 13:30:00-04:00,299.6700134277344
2026-06-22 13:35:00-04:00,299.5199890136719
2026-06-22 13:40:00-04:00,299.3301086425781
2026-06-22 13:45:00-04:00,299.6300048828125
2026-06-22 13:50:00-04:00,299.3550109863281
2026-06-22 13:55:00-04:00,299.30999755859375
2026-06-22 14:00:00-04:00,298.70001220703125
2026-06-22 14:05:00-04:00,298.75
2026-06-22 14:10:00-04:00,298.69500732421875
2026-06-22 14:15:00-04:00,298.864990234375
2026-06-22 14:20:00-04:00,298.94720458984375
2026-06-22 14:25:00-04:00,298.9200134277344
2026-06-22 14:30:00-04:00,298.7449951171875
2026-06-22 14:35:00-04:00,298.8399963378906
2026-06-22 14:40:00-04:00,298.8599853515625
2026-06-22 14:45:00-04:00,299.1050109863281
2026-06-22 14:50:00-04:00,298.8999938964844
2026-06-22 14:55:00-04:00,299.07000732421875
2026-06-22 15:00:00-04:00,299.1499938964844
2026-06-22 15:05:00-04:00,299.0299987792969
2026-06-22 15:10:00-04:00,299.0899963378906
2026-06-22 15:15:00-04:00,299.1000061035156
2026-06-22 15:20:00-04:00,299.0450134277344
2026-06-22 15:25:00-04:00,299.05999755859375
2026-06-22 15:30:00-04:00,297.69000244140625
2026-06-22 15:35:00-04:00,297.1600036621094
2026-06-22 15:40:00-04:00,297.2699890136719
2026-06-22 15:45:00-04:00,297.0849914550781
2026-06-22 15:50:00-04:00,297.55499267578125
2026-06-22 15:55:00-04:00,296.7900085449219
2026-06-23 09:30:00-04:00,297.04998779296875
2026-06-23 09:35:00-04:00,298.9150085449219
2026-06-23 09:40:00-04:00,300.510009765625
2026-06-23 09:45:00-04:00,300.4049987792969
2026-06-23 09:50:00-04:00,298.3699951171875
2026-06-23 09:55:00-04:00,299.1099853515625
2026-06-23 10:00:00-04:00,299.385009765625
2026-06-23 10:05:00-04:00,299.6300048828125
2026-06-23 10:10:00-04:00,299.42999267578125
2026-06-23 10:15:00-04:00,299.5400085449219
2026-06-23 10:20:00-04:00,299.5799865722656
2026-06-23 10:25:00-04:00,300.506591796875
2026-06-23 10:30:00-04:00,300.4200134277344
2026-06-23 10:35:00-04:00,299.6499938964844
2026-06-23 10:40:00-04:00,300.3500061035156
2026-06-23 10:45:00-04:00,300.0398864746094
2026-06-23 10:50:00-04:00,300.1000061035156
2026-06-23 10:55:00-04:00,300.0899963378906
2026-06-23 11:00:00-04:00,299.7300109863281
2026-06-23 11:05:00-04:00,299.70001220703125
2026-06-23 11:10:00-04:00,299.1477966308594
2026-06-23 11:15:00-04:00,298.6465148925781
2026-06-23 11:20:00-04:00,298.6600036621094
2026-06-23 11:25:00-04:00,298.54998779296875
2026-06-23 11:30:00-04:00,297.8999938964844
2026-06-23 11:35:00-04:00,297.55999755859375
2026-06-23 11:40:00-04:00,297.760009765625
2026-06-23 11:45:00-04:00,297.8699951171875
2026-06-23 11:50:00-04:00,297.9150085449219
2026-06-23 11:55:00-04:00,298.06500244140625
2026-06-23 12:00:00-04:00,298.3351135253906
2026-06-23 12:05:00-04:00,298.5439147949219
2026-06-23 12:10:00-04:00,298.17999267578125
2026-06-23 12:15:00-04:00,298.8599853515625
2026-06-23 12:20:00-04:00,298.67999267578125
2026-06-23 12:25:00-04:00,298.6199035644531
2026-06-23 12:30:00-04:00,298.45001220703125
2026-06-23 12:35:00-04:00,298.635009765625
2026-06-23 12:40:00-04:00,298.5799865722656
2026-06-23 12:45:00-04:00,298.67999267578125
2026-06-23 12:50:00-04:00,298.8900146484375
2026-06-23 12:55:00-04:00,298.989990234375
2026-06-23 13:00:00-04:00,298.0249938964844
2026-06-23 13:05:00-04:00,298.760009765625
2026-06-23 13:10:00-04:00,299.0400085449219
2026-06-23 13:15:00-04:00,299.0
2026-06-23 13:20:00-04:00,299.32501220703125
2026-06-23 13:25:00-04:00,299.3949890136719
2026-06-23 13:30:00-04:00,299.69000244140625
2026-06-23 13:35:00-04:00,299.43499755859375
2026-06-23 13:40:00-04:00,299.3399963378906
2026-06-23 13:45:00-04:00,299.9150085449219
2026-06-23 13:50:00-04:00,299.3500061035156
2026-06-23 13:55:00-04:00,298.9599914550781
2026-06-23 14:00:00-04:00,298.9599914550781
2026-06-23 14:05:00-04:00,298.739990234375
2026-06-23 14:10:00-04:00,298.760009765625
2026-06-23 14:15:00-04:00,298.510009765625
2026-06-23 14:20:00-04:00,298.5199890136719
2026-06-23 14:25:00-04:00,298.5199890136719
2026-06-23 14:30:00-04:00,298.2300109863281
2026-06-23 14:35:00-04:00,298.05010986328125
2026-06-23 14:40:00-04:00,297.8999938964844
2026-06-23 14:45:00-04:00,297.8999938964844
2026-06-23 14:50:00-04:00,297.6099853515625
2026-06-23 14:55:00-04:00,297.5199890136719
2026-06-23 15:00:00-04:00,297.5799865722656
2026-06-23 15:05:00-04:00,297.17498779296875
2026-06-23 15:10:00-04:00,296.8689880371094
2026-06-23 15:15:00-04:00,295.6700134277344
2026-06-23 15:20:00-04:00,296.2349853515625
2026-06-23 15:25:00-04:00,295.840087890625
2026-06-23 15:30:00-04:00,296.010009765625
2026-06-23 15:35:00-04:00,296.11749267578125
2026-06-23 15:40:00-04:00,295.70001220703125
2026-06-23 15:45:00-04:00,295.8330078125
2026-06-23 15:50:00-04:00,296.4200134277344
2026-06-23 15:55:00-04:00,294.2799987792969
2026-06-24 09:30:00-04:00,295.7300109863281
2026-06-24 09:35:00-04:00,295.44500732421875
2026-06-24 09:40:00-04:00,295.67999267578125
2026-06-24 09:45:00-04:00,295.82501220703125
2026-06-24 09:50:00-04:00,296.0801086425781
2026-06-24 09:55:00-04:00,294.7699890136719
2026-06-24 10:00:00-04:00,294.5899963378906
2026-06-24 10:05:00-04:00,294.79998779296875
2026-06-24 10:10:00-04:00,294.875
2026-06-24 10:15:00-04:00,295.29998779296875
2026-06-24 10:20:00-04:00,295.56500244140625
2026-06-24 10:25:00-04:00,295.4649963378906
2026-06-24 10:30:00-04:00,295.6000061035156
2026-06-24 10:35:00-04:00,295.54998779296875
2026-06-24 10:40:00-04:00,296.4849853515625
2026-06-24 10:45:00-04:00,296.9049987792969
2026-06-24 10:50:00-04:00,296.8999938964844
2026-06-24 10:55:00-04:00,297.0799865722656
2026-06-24 11:00:00-04:00,297.2349853515625
2026-06-24 11:05:00-04:00,296.7449951171875
2026-06-24 11:10:00-04:00,297.4800109863281
2026-06-24 11:15:00-04:00,297.4849853515625
2026-06-24 11:20:00-04:00,297.93499755859375
2026-06-24 11:25:00-04:00,298.7850036621094
2026-06-24 11:30:00-04:00,299.0799865722656
2026-06-24 11:35:00-04:00,299.07000732421875
2026-06-24 11:40:00-04:00,298.1700134277344
2026-06-24 11:45:00-04:00,299.0050048828125
2026-06-24 11:50:00-04:00,299.4549865722656
2026-06-24 11:55:00-04:00,299.4750061035156
2026-06-24 12:00:00-04:00,298.8999938964844
2026-06-24 12:05:00-04:00,298.8599853515625
2026-06-24 12:10:00-04:00,298.7300109863281
2026-06-24 12:15:00-04:00,298.3703918457031
2026-06-24 12:20:00-04:00,298.3550109863281
2026-06-24 12:25:00-04:00,298.07000732421875
2026-06-24 12:30:00-04:00,297.7300109863281
2026-06-24 12:35:00-04:00,297.55999755859375
2026-06-24 12:40:00-04:00,297.31500244140625
2026-06-24 12:45:00-04:00,297.4700012207031
2026-06-24 12:50:00-04:00,297.0199890136719
2026-06-24 12:55:00-04:00,297.3450012207031
2026-06-24 13:00:00-04:00,297.32501220703125
2026-06-24 13:05:00-04:00,296.45001220703125
2026-06-24 13:10:00-04:00,296.6099853515625
2026-06-24 13:15:00-04:00,296.29998779296875
2026-06-24 13:20:00-04:00,296.3699951171875
2026-06-24 13:25:00-04:00,296.4200134277344
2026-06-24 13:30:00-04:00,296.3349914550781
2026-06-24 13:35:00-04:00,296.6099853515625
2026-06-24 13:40:00-04:00,295.8999938964844
2026-06-24 13:45:00-04:00,296.2099914550781
2026-06-24 13:50:00-04:00,296.0400085449219
2026-06-24 13:55:00-04:00,295.6099853515625
2026-06-24 14:00:00-04:00,296.30999755859375
2026-06-24 14:05:00-04:00,295.93499755859375
2026-06-24 14:10:00-04:00,295.57000732421875
2026-06-24 14:15:00-04:00,295.92999267578125
2026-06-24 14:20:00-04:00,296.1099853515625
2026-06-24 14:25:00-04:00,296.0
2026-06-24 14:30:00-04:00,296.125
2026-06-24 14:35:00-04:00,295.42999267578125
2026-06-24 14:40:00-04:00,295.20001220703125
2026-06-24 14:45:00-04:00,294.5299987792969
2026-06-24 14:50:00-04:00,294.45001220703125
2026-06-24 14:55:00-04:00,295.1700134277344
2026-06-24 15:00:00-04:00,295.3900146484375
2026-06-24 15:05:00-04:00,295.2149963378906
2026-06-24 15:10:00-04:00,295.0400085449219
2026-06-24 15:15:00-04:00,295.05999755859375
2026-06-24 15:20:00-04:00,294.9800109863281
2026-06-24 15:25:00-04:00,294.9400939941406
2026-06-24 15:30:00-04:00,294.9599914550781
2026-06-24 15:35:00-04:00,294.6499938964844
2026-06-24 15:40:00-04:00,295.0350036621094
2026-06-24 15:45:00-04:00,294.9700012207031
2026-06-24 15:50:00-04:00,295.25
2026-06-24 15:55:00-04:00,293.260009765625
2026-06-25 09:30:00-04:00,285.69000244140625
2026-06-25 09:35:00-04:00,281.1499938964844
2026-06-25 09:40:00-04:00,278.1600036621094
2026-06-25 09:45:00-04:00,279.760009765625
2026-06-25 09:50:00-04:00,278.1300048828125
2026-06-25 09:55:00-04:00,278.9700012207031
2026-06-25 10:00:00-04:00,279.95001220703125
2026-06-25 10:05:00-04:00,279.57000732421875
2026-06-25 10:10:00-04:00,278.4599914550781
2026-06-25 10:15:00-04:00,279.1449890136719
2026-06-25 10:20:00-04:00,278.04998779296875
2026-06-25 10:25:00-04:00,279.6300048828125
2026-06-25 10:30:00-04:00,279.54998779296875
2026-06-25 10:35:00-04:00,279.75
2026-06-25 10:40:00-04:00,279.7300109863281
2026-06-25 10:45:00-04:00,279.0299987792969
2026-06-25 10:50:00-04:00,279.02850341796875
2026-06-25 10:55:00-04:00,277.6050109863281
2026-06-25 11:00:00-04:00,277.55999755859375
2026-06-25 11:05:00-04:00,277.82501220703125
2026-06-25 11:10:00-04:00,277.0199890136719
2026-06-25 11:15:00-04:00,276.8550109863281
2026-06-25 11:20:00-04:00,276.8699951171875
2026-06-25 11:25:00-04:00,277.6400146484375
2026-06-25 11:30:00-04:00,278.42999267578125
2026-06-25 11:35:00-04:00,278.5849914550781
2026-06-25 11:40:00-04:00,279.25
2026-06-25 11:45:00-04:00,279.13958740234375
2026-06-25 11:50:00-04:00,278.3900146484375
2026-06-25 11:55:00-04:00,277.8550109863281
2026-06-25 12:00:00-04:00,277.9800109863281
2026-06-25 12:05:00-04:00,277.69000244140625
2026-06-25 12:10:00-04:00,276.4750061035156
2026-06-25 12:15:00-04:00,275.56500244140625
2026-06-25 12:20:00-04:00,275.0950012207031
2026-06-25 12:25:00-04:00,274.56500244140625
2026-06-25 12:30:00-04:00,274.6600036621094
2026-06-25 12:35:00-04:00,274.2850036621094
2026-06-25 12:40:00-04:00,274.7449951171875
2026-06-25 12:45:00-04:00,274.510009765625
2026-06-25 12:50:00-04:00,274.6449890136719
2026-06-25 12:55:00-04:00,275.1199951171875
2026-06-25 13:00:00-04:00,276.44000244140625
2026-06-25 13:05:00-04:00,277.07000732421875
2026-06-25 13:10:00-04:00,277.1700134277344
2026-06-25 13:15:00-04:00,277.44000244140625
2026-06-25 13:20:00-04:00,277.2799072265625
2026-06-25 13:25:00-04:00,278.0400085449219
2026-06-25 13:30:00-04:00,277.7799987792969
2026-06-25 13:35:00-04:00,277.23150634765625
2026-06-25 13:40:00-04:00,277.06500244140625
2026-06-25 13:45:00-04:00,276.75
2026-06-25 13:50:00-04:00,276.2449951171875
2026-06-25 13:55:00-04:00,276.7882080078125
2026-06-25 14:00:00-04:00,276.760009765625
2026-06-25 14:05:00-04:00,278.42999267578125
2026-06-25 14:10:00-04:00,278.2900085449219
2026-06-25 14:15:00-04:00,279.94000244140625
2026-06-25 14:20:00-04:00,279.69000244140625
2026-06-25 14:25:00-04:00,279.3450012207031
2026-06-25 14:30:00-04:00,279.5799865722656
2026-06-25 14:35:00-04:00,279.8699951171875
2026-06-25 14:40:00-04:00,279.7699890136719
2026-06-25 14:45:00-04:00,279.5557861328125
2026-06-25 14:50:00-04:00,279.3699951171875
2026-06-25 14:55:00-04:00,279.42498779296875
2026-06-25 15:00:00-04:00,279.0
2026-06-25 15:05:00-04:00,278.5299987792969
2026-06-25 15:10:00-04:00,276.5299987792969
2026-06-25 15:15:00-04:00,276.739990234375
2026-06-25 15:20:00-04:00,277.5799865722656
2026-06-25 15:25:00-04:00,276.7250061035156
2026-06-25 15:30:00-04:00,276.5899963378906
2026-06-25 15:35:00-04:00,275.8599853515625
2026-06-25 15:40:00-04:00,275.375
2026-06-25 15:45:00-04:00,275.1700134277344
2026-06-25 15:50:00-04:00,276.8900146484375
2026-06-25 15:55:00-04:00,275.04998779296875
2026-06-26 09:30:00-04:00,276.92999267578125
2026-06-26 09:35:00-04:00,276.80999755859375
2026-06-26 09:40:00-04:00,276.8999938964844
2026-06-26 09:45:00-04:00,276.3800048828125
2026-06-26 09:50:00-04:00,276.3900146484375
2026-06-26 09:55:00-04:00,275.70001220703125
2026-06-26 10:00:00-04:00,277.1000061035156
2026-06-26 10:05:00-04:00,277.8900146484375
2026-06-26 10:10:00-04:00,278.19000244140625
2026-06-26 10:15:00-04:00,277.4599914550781
2026-06-26 10:20:00-04:00,277.635009765625
2026-06-26 10:25:00-04:00,278.260009765625
2026-06-26 10:30:00-04:00,279.6899108886719
2026-06-26 10:35:00-04:00,279.3299865722656
2026-06-26 10:40:00-04:00,279.3550109863281
2026-06-26 10:45:00-04:00,279.739990234375
2026-06-26 10:50:00-04:00,279.7349853515625
2026-06-26 10:55:00-04:00,279.849609375
2026-06-26 11:00:00-04:00,280.32000732421875
2026-06-26 11:05:00-04:00,279.8699951171875
2026-06-26 11:10:00-04:00,279.5899963378906
2026-06-26 11:15:00-04:00,279.9200134277344
2026-06-26 11:20:00-04:00,279.2699890136719
2026-06-26 11:25:00-04:00,279.0299987792969
2026-06-26 11:30:00-04:00,278.1099853515625
2026-06-26 11:35:00-04:00,278.4800109863281
2026-06-26 11:40:00-04:00,278.125
2026-06-26 11:45:00-04:00,278.125
2026-06-26 11:50:00-04:00,277.260009765625
2026-06-26 11:55:00-04:00,277.1650085449219
2026-06-26 12:00:00-04:00,276.3999938964844
2026-06-26 12:05:00-04:00,275.8900146484375
2026-06-26 12:10:00-04:00,276.0050048828125
2026-06-26 12:15:00-04:00,275.6000061035156
2026-06-26 12:20:00-04:00,275.79998779296875
2026-06-26 12:25:00-04:00,275.8999938964844
2026-06-26 12:30:00-04:00,277.42999267578125
2026-06-26 12:35:00-04:00,277.2449951171875
2026-06-26 12:40:00-04:00,278.1199951171875
2026-06-26 12:45:00-04:00,278.635009765625
2026-06-26 12:50:00-04:00,278.95001220703125
2026-06-26 12:55:00-04:00,278.9100036621094
2026-06-26 13:00:00-04:00,278.53009033203125
2026-06-26 13:05:00-04:00,279.1300964355469
2026-06-26 13:10:00-04:00,278.8599853515625
2026-06-26 13:15:00-04:00,278.68499755859375
2026-06-26 13:20:00-04:00,278.8800048828125
2026-06-26 13:25:00-04:00,279.19500732421875
2026-06-26 13:30:00-04:00,279.5
2026-06-26 13:35:00-04:00,279.3349914550781
2026-06-26 13:40:00-04:00,279.4200134277344
2026-06-26 13:45:00-04:00,278.7799987792969
2026-06-26 13:50:00-04:00,279.0299987792969
2026-06-26 13:55:00-04:00,279.19500732421875
2026-06-26 14:00:00-04:00,280.29998779296875
2026-06-26 14:05:00-04:00,280.6000061035156
2026-06-26 14:10:00-04:00,281.05010986328125
2026-06-26 14:15:00-04:00,280.8599853515625
2026-06-26 14:20:00-04:00,280.17999267578125
2026-06-26 14:25:00-04:00,280.19000244140625
2026-06-26 14:30:00-04:00,281.7193908691406
2026-06-26 14:35:00-04:00,280.8500061035156
2026-06-26 14:40:00-04:00,281.1700134277344
2026-06-26 14:45:00-04:00,280.7900085449219
2026-06-26 14:50:00-04:00,280.4700012207031
2026-06-26 14:55:00-04:00,280.7200012207031
2026-06-26 15:00:00-04:00,280.9599914550781
2026-06-26 15:05:00-04:00,281.1393127441406
2026-06-26 15:10:00-04:00,281.45001220703125
2026-06-26 15:15:00-04:00,281.69500732421875
2026-06-26 15:20:00-04:00,280.45001220703125
2026-06-26 15:25:00-04:00,280.1499938964844
2026-06-26 15:30:00-04:00,281.1650085449219
2026-06-26 15:35:00-04:00,280.6000061035156
2026-06-26 15:40:00-04:00,281.260009765625
2026-06-26 15:45:00-04:00,281.25
2026-06-26 15:50:00-04:00,285.2598876953125
2026-06-26 15:55:00-04:00,281.20001220703125
2026-06-29 09:30:00-04:00,286.260009765625
2026-06-29 09:35:00-04:00,285.68499755859375
2026-06-29 09:40:00-04:00,284.0150146484375
2026-06-29 09:45:00-04:00,283.9849853515625
2026-06-29 09:50:00-04:00,284.2950134277344
2026-06-29 09:55:00-04:00,283.9599914550781
2026-06-29 10:00:00-04:00,283.7449951171875
2026-06-29 10:05:00-04:00,282.69000244140625
2026-06-29 10:10:00-04:00,281.82501220703125
2026-06-29 10:15:00-04:00,282.05999755859375
2026-06-29 10:20:00-04:00,281.3349914550781
2026-06-29 10:25:00-04:00,280.8699951171875
2026-06-29 10:30:00-04:00,281.79998779296875
2026-06-29 10:35:00-04:00,281.4800109863281
2026-06-29 10:40:00-04:00,281.5249938964844
2026-06-29 10:45:00-04:00,281.94000244140625
2026-06-29 10:50:00-04:00,282.5199890136719
2026-06-29 10:55:00-04:00,281.81500244140625
2026-06-29 11:00:00-04:00,281.69500732421875
2026-06-29 11:05:00-04:00,281.80499267578125
2026-06-29 11:10:00-04:00,281.95001220703125
2026-06-29 11:15:00-04:00,282.2799987792969
2026-06-29 11:20:00-04:00,281.7799987792969
2026-06-29 11:25:00-04:00,282.3301086425781
2026-06-29 11:30:00-04:00,281.9100036621094
2026-06-29 11:35:00-04:00,282.25
2026-06-29 11:40:00-04:00,282.67999267578125
2026-06-29 11:45:00-04:00,282.42999267578125
2026-06-29 11:50:00-04:00,282.494384765625
2026-06-29 11:55:00-04:00,281.5050048828125
2026-06-29 12:00:00-04:00,281.29998779296875
2026-06-29 12:05:00-04:00,280.8800048828125
2026-06-29 12:10:00-04:00,280.4100036621094
2026-06-29 12:15:00-04:00,280.4800109863281
2026-06-29 12:20:00-04:00,280.7699890136719
2026-06-29 12:25:00-04:00,280.55999755859375
2026-06-29 12:30:00-04:00,280.2799987792969
2026-06-29 12:35:00-04:00,280.5299987792969
2026-06-29 12:40:00-04:00,280.1600036621094
2026-06-29 12:45:00-04:00,279.989990234375
2026-06-29 12:50:00-04:00,280.4700012207031
2026-06-29 12:55:00-04:00,280.30999755859375
2026-06-29 13:00:00-04:00,280.20001220703125
2026-06-29 13:05:00-04:00,280.1099853515625
2026-06-29 13:10:00-04:00,280.1000061035156
2026-06-29 13:15:00-04:00,281.1499938964844
2026-06-29 13:20:00-04:00,281.489990234375
2026-06-29 13:25:00-04:00,281.4800109863281
2026-06-29 13:30:00-04:00,281.78009033203125
2026-06-29 13:35:00-04:00,281.5899963378906
2026-06-29 13:40:00-04:00,281.5
2026-06-29 13:45:00-04:00,282.1300048828125
2026-06-29 13:50:00-04:00,281.69000244140625
2026-06-29 13:55:00-04:00,282.0199890136719
2026-06-29 14:00:00-04:00,281.44500732421875
2026-06-29 14:05:00-04:00,281.1650085449219
2026-06-29 14:10:00-04:00,281.42999267578125
2026-06-29 14:15:00-04:00,281.42999267578125
2026-06-29 14:20:00-04:00,281.3078918457031
2026-06-29 14:25:00-04:00,281.54998779296875
2026-06-29 14:30:00-04:00,282.135009765625
2026-06-29 14:35:00-04:00,281.92999267578125
2026-06-29 14:40:00-04:00,282.1499938964844
2026-06-29 14:45:00-04:00,281.6400146484375
2026-06-29 14:50:00-04:00,281.67999267578125
2026-06-29 14:55:00-04:00,282.07000732421875
2026-06-29 15:00:00-04:00,282.80499267578125
2026-06-29 15:05:00-04:00,282.7799987792969
2026-06-29 15:10:00-04:00,282.6499938964844
2026-06-29 15:15:00-04:00,282.6050109863281
2026-06-29 15:20:00-04:00,282.56500244140625
2026-06-29 15:25:00-04:00,282.67999267578125
2026-06-29 15:30:00-04:00,282.010009765625
2026-06-29 15:35:00-04:00,282.2950134277344
2026-06-29 15:40:00-04:00,281.7900085449219
2026-06-29 15:45:00-04:00,282.0400085449219
2026-06-29 15:50:00-04:00,282.1000061035156
2026-06-29 15:55:00-04:00,281.6300048828125
2026-06-30 09:30:00-04:00,283.2099914550781
2026-06-30 09:35:00-04:00,284.3450012207031
2026-06-30 09:40:00-04:00,283.2698974609375
2026-06-30 09:45:00-04:00,284.2900085449219
2026-06-30 09:50:00-04:00,284.98919677734375
2026-06-30 09:55:00-04:00,285.30999755859375
2026-06-30 10:00:00-04:00,285.6510009765625
2026-06-30 10:05:00-04:00,285.17999267578125
2026-06-30 10:10:00-04:00,285.8550109863281
2026-06-30 10:15:00-04:00,285.9800109863281
2026-06-30 10:20:00-04:00,286.1400146484375
2026-06-30 10:25:00-04:00,286.0249938964844
2026-06-30 10:30:00-04:00,286.1499938964844
2026-06-30 10:35:00-04:00,285.80999755859375
2026-06-30 10:40:00-04:00,285.5707092285156
2026-06-30 10:45:00-04:00,285.5299987792969
2026-06-30 10:50:00-04:00,286.57000732421875
2026-06-30 10:55:00-04:00,286.9700012207031
2026-06-30 11:00:00-04:00,287.3299865722656
2026-06-30 11:05:00-04:00,287.010009765625
2026-06-30 11:10:00-04:00,286.9599914550781
2026-06-30 11:15:00-04:00,287.67498779296875
2026-06-30 11:20:00-04:00,288.4599914550781
2026-06-30 11:25:00-04:00,288.2699890136719
2026-06-30 11:30:00-04:00,288.75
2026-06-30 11:35:00-04:00,289.0450134277344
2026-06-30 11:40:00-04:00,288.45001220703125
2026-06-30 11:45:00-04:00,289.31500244140625
2026-06-30 11:50:00-04:00,288.7699890136719
2026-06-30 11:55:00-04:00,288.73980712890625
2026-06-30 12:00:00-04:00,288.9599914550781
2026-06-30 12:05:00-04:00,288.4599914550781
2026-06-30 12:10:00-04:00,288.260009765625
2026-06-30 12:15:00-04:00,288.239990234375
2026-06-30 12:20:00-04:00,288.1400146484375
2026-06-30 12:25:00-04:00,288.1449890136719
2026-06-30 12:30:00-04:00,288.44000244140625
2026-06-30 12:35:00-04:00,288.5799865722656
2026-06-30 12:40:00-04:00,288.7074890136719
2026-06-30 12:45:00-04:00,288.9200134277344
2026-06-30 12:50:00-04:00,289.07000732421875
2026-06-30 12:55:00-04:00,289.18499755859375
2026-06-30 13:00:00-04:00,289.5950012207031
2026-06-30 13:05:00-04:00,289.1549987792969
2026-06-30 13:10:00-04:00,289.0
2026-06-30 13:15:00-04:00,288.3999938964844
2026-06-30 13:20:00-04:00,288.79998779296875
2026-06-30 13:25:00-04:00,288.42999267578125
2026-06-30 13:30:00-04:00,288.40008544921875
2026-06-30 13:35:00-04:00,288.3599853515625
2026-06-30 13:40:00-04:00,288.375
2026-06-30 13:45:00-04:00,288.5199890136719
2026-06-30 13:50:00-04:00,288.3599853515625
2026-06-30 13:55:00-04:00,288.4200134277344
2026-06-30 14:00:00-04:00,288.8099060058594
2026-06-30 14:05:00-04:00,288.5426025390625
2026-06-30 14:10:00-04:00,288.94000244140625
2026-06-30 14:15:00-04:00,288.8999938964844
2026-06-30 14:20:00-04:00,288.760009765625
2026-06-30 14:25:00-04:00,288.0899963378906
2026-06-30 14:30:00-04:00,287.30499267578125
2026-06-30 14:35:00-04:00,287.3900146484375
2026-06-30 14:40:00-04:00,287.4549865722656
2026-06-30 14:45:00-04:00,287.17999267578125
2026-06-30 14:50:00-04:00,286.7699890136719
2026-06-30 14:55:00-04:00,286.9849853515625
2026-06-30 15:00:00-04:00,287.45001220703125
2026-06-30 15:05:00-04:00,287.5450134277344
2026-06-30 15:10:00-04:00,287.55059814453125
2026-06-30 15:15:00-04:00,287.364990234375
2026-06-30 15:20:00-04:00,287.69500732421875
2026-06-30 15:25:00-04:00,287.5299987792969
2026-06-30 15:30:00-04:00,287.7900085449219
2026-06-30 15:35:00-04:00,287.8399963378906
2026-06-30 15:40:00-04:00,287.9100036621094
2026-06-30 15:45:00-04:00,287.57000732421875
2026-06-30 15:50:00-04:00,288.1199951171875
2026-06-30 15:55:00-04:00,289.0899963378906
2026-07-01 09:30:00-04:00,292.1300048828125
2026-07-01 09:35:00-04:00,291.9800109863281
2026-07-01 09:40:00-04:00,291.1199951171875
2026-07-01 09:45:00-04:00,290.375
2026-07-01 09:50:00-04:00,291.2749938964844
2026-07-01 09:55:00-04:00,292.5
2026-07-01 10:00:00-04:00,292.0350036621094
2026-07-01 10:05:00-04:00,292.55999755859375
2026-07-01 10:10:00-04:00,292.95001220703125
2026-07-01 10:15:00-04:00,292.7980041503906
2026-07-01 10:20:00-04:00,292.5237121582031
2026-07-01 10:25:00-04:00,293.05999755859375
2026-07-01 10:30:00-04:00,293.1199951171875
2026-07-01 10:35:00-04:00,293.57000732421875
2026-07-01 10:40:00-04:00,294.8299865722656
2026-07-01 10:45:00-04:00,294.8900146484375
2026-07-01 10:50:00-04:00,294.489990234375
2026-07-01 10:55:00-04:00,294.6400146484375
2026-07-01 11:00:00-04:00,294.8699951171875
2026-07-01 11:05:00-04:00,294.7049865722656
2026-07-01 11:10:00-04:00,294.6099853515625
2026-07-01 11:15:00-04:00,295.6449890136719
2026-07-01 11:20:00-04:00,296.3599853515625
2026-07-01 11:25:00-04:00,295.751708984375
2026-07-01 11:30:00-04:00,294.989990234375
2026-07-01 11:35:00-04:00,294.7500915527344
2026-07-01 11:40:00-04:00,294.94000244140625
2026-07-01 11:45:00-04:00,295.20001220703125
2026-07-01 11:50:00-04:00,295.19000244140625
2026-07-01 11:55:00-04:00,295.239990234375
2026-07-01 12:00:00-04:00,295.4150085449219
2026-07-01 12:05:00-04:00,295.4800109863281
2026-07-01 12:10:00-04:00,295.2850036621094
2026-07-01 12:15:00-04:00,295.2300109863281
2026-07-01 12:20:00-04:00,295.2699890136719
2026-07-01 12:25:00-04:00,294.94500732421875
2026-07-01 12:30:00-04:00,294.45001220703125
2026-07-01 12:35:00-04:00,294.5350036621094
2026-07-01 12:40:00-04:00,294.6000061035156
2026-07-01 12:45:00-04:00,294.4649963378906
2026-07-01 12:50:00-04:00,294.55120849609375
2026-07-01 12:55:00-04:00,294.2300109863281
2026-07-01 13:00:00-04:00,294.0950012207031
2026-07-01 13:05:00-04:00,294.32000732421875
2026-07-01 13:10:00-04:00,294.44500732421875
2026-07-01 13:15:00-04:00,293.989990234375
2026-07-01 13:20:00-04:00,294.1549987792969
2026-07-01 13:25:00-04:00,294.0899963378906
2026-07-01 13:30:00-04:00,294.2149963378906
2026-07-01 13:35:00-04:00,294.32000732421875
2026-07-01 13:40:00-04:00,294.1050109863281
2026-07-01 13:45:00-04:00,294.2200012207031
2026-07-01 13:50:00-04:00,294.92999267578125
2026-07-01 13:55:00-04:00,293.7149963378906
2026-07-01 14:00:00-04:00,293.5849914550781
2026-07-01 14:05:00-04:00,294.6199951171875
2026-07-01 14:10:00-04:00,294.54998779296875
2026-07-01 14:15:00-04:00,295.0150146484375
2026-07-01 14:20:00-04:00,294.55999755859375
2026-07-01 14:25:00-04:00,294.80499267578125
2026-07-01 14:30:00-04:00,294.9649963378906
2026-07-01 14:35:00-04:00,294.8800048828125
2026-07-01 14:40:00-04:00,295.3699951171875
2026-07-01 14:45:00-04:00,295.3699951171875
2026-07-01 14:50:00-04:00,294.9649963378906
2026-07-01 14:55:00-04:00,294.7200012207031
2026-07-01 15:00:00-04:00,294.70001220703125
2026-07-01 15:05:00-04:00,294.489990234375
2026-07-01 15:10:00-04:00,294.55999755859375
2026-07-01 15:15:00-04:00,294.5899963378906
2026-07-01 15:20:00-04:00,294.4100036621094
2026-07-01 15:25:00-04:00,294.0151062011719
2026-07-01 15:30:00-04:00,294.0299987792969
2026-07-01 15:35:00-04:00,294.25
2026-07-01 15:40:00-04:00,294.2099914550781
2026-07-01 15:45:00-04:00,293.8800048828125
2026-07-01 15:50:00-04:00,294.6700134277344
2026-07-01 15:55:00-04:00,294.25
2026-07-02 09:30:00-04:00,298.20001220703125
2026-07-02 09:35:00-04:00,300.1300048828125
2026-07-02 09:40:00-04:00,300.3500061035156
2026-07-02 09:45:00-04:00,302.1700134277344
2026-07-02 09:50:00-04:00,301.7550048828125
2026-07-02 09:55:00-04:00,302.80999755859375
2026-07-02 10:00:00-04:00,303.01031494140625
2026-07-02 10:05:00-04:00,303.5350036621094
2026-07-02 10:10:00-04:00,303.7300109863281
2026-07-02 10:15:00-04:00,304.3699951171875
2026-07-02 10:20:00-04:00,304.5617980957031
2026-07-02 10:25:00-04:00,305.04998779296875
2026-07-02 10:30:00-04:00,305.7099914550781
2026-07-02 10:35:00-04:00,305.3800048828125
2026-07-02 10:40:00-04:00,306.4200134277344
2026-07-02 10:45:00-04:00,305.5199890136719
2026-07-02 10:50:00-04:00,306.30999755859375
2026-07-02 10:55:00-04:00,306.87799072265625
2026-07-02 11:00:00-04:00,306.635009765625
2026-07-02 11:05:00-04:00,306.8999938964844
2026-07-02 11:10:00-04:00,307.41448974609375
2026-07-02 11:15:00-04:00,307.0400085449219
2026-07-02 11:20:00-04:00,307.2550048828125
2026-07-02 11:25:00-04:00,305.4150085449219
2026-07-02 11:30:00-04:00,306.2349853515625
2026-07-02 11:35:00-04:00,306.5299987792969
2026-07-02 11:40:00-04:00,305.67498779296875
2026-07-02 11:45:00-04:00,305.80999755859375
2026-07-02 11:50:00-04:00,305.95001220703125
2026-07-02 11:55:00-04:00,305.625
2026-07-02 12:00:00-04:00,306.69500732421875
2026-07-02 12:05:00-04:00,306.6400146484375
2026-07-02 12:10:00-04:00,307.0544128417969
2026-07-02 12:15:00-04:00,307.7301025390625
2026-07-02 12:20:00-04:00,307.79998779296875
2026-07-02 12:25:00-04:00,308.0899963378906
2026-07-02 12:30:00-04:00,308.45001220703125
2026-07-02 12:35:00-04:00,308.1099853515625
2026-07-02 12:40:00-04:00,307.45001220703125
2026-07-02 12:45:00-04:00,307.7799987792969
2026-07-02 12:50:00-04:00,308.2650146484375
2026-07-02 12:55:00-04:00,308.30999755859375
2026-07-02 13:00:00-04:00,307.3699951171875
2026-07-02 13:05:00-04:00,308.2799987792969
2026-07-02 13:10:00-04:00,308.2099914550781
2026-07-02 13:15:00-04:00,307.75
2026-07-02 13:20:00-04:00,307.8599853515625
2026-07-02 13:25:00-04:00,307.80499267578125
2026-07-02 13:30:00-04:00,307.5400085449219
2026-07-02 13:35:00-04:00,307.8299865722656
2026-07-02 13:40:00-04:00,308.17999267578125
2026-07-02 13:45:00-04:00,307.9800109863281
2026-07-02 13:50:00-04:00,307.79998779296875
2026-07-02 13:55:00-04:00,307.32000732421875
2026-07-02 14:00:00-04:00,307.6449890136719
2026-07-02 14:05:00-04:00,307.510009765625
2026-07-02 14:10:00-04:00,307.6400146484375
2026-07-02 14:15:00-04:00,307.1004943847656
2026-07-02 14:20:00-04:00,307.25
2026-07-02 14:25:00-04:00,307.3299865722656
2026-07-02 14:30:00-04:00,307.53009033203125
2026-07-02 14:35:00-04:00,307.3599853515625
2026-07-02 14:40:00-04:00,307.54998779296875
2026-07-02 14:45:00-04:00,307.4200134277344
2026-07-02 14:50:00-04:00,307.57000732421875
2026-07-02 14:55:00-04:00,307.6449890136719
2026-07-02 15:00:00-04:00,307.42999267578125
2026-07-02 15:05:00-04:00,308.0899963378906
2026-07-02 15:10:00-04:00,307.7900085449219
2026-07-02 15:15:00-04:00,307.92999267578125
2026-07-02 15:20:00-04:00,307.625
2026-07-02 15:25:00-04:00,307.42498779296875
2026-07-02 15:30:00-04:00,308.0450134277344
2026-07-02 15:35:00-04:00,308.260009765625
2026-07-02 15:40:00-04:00,307.9800109863281
2026-07-02 15:45:00-04:00,307.5299987792969
2026-07-02 15:50:00-04:00,308.0400085449219
2026-07-02 15:55:00-04:00,308.2200012207031
2026-07-06 09:30:00-04:00,308.79998779296875
2026-07-06 09:35:00-04:00,309.4339904785156
2026-07-06 09:40:00-04:00,309.2900085449219
2026-07-06 09:45:00-04:00,309.3999938964844
2026-07-06 09:50:00-04:00,309.19000244140625
2026-07-06 09:55:00-04:00,309.6300048828125
2026-07-06 10:00:00-04:00,309.3900146484375
2026-07-06 10:05:00-04:00,309.57000732421875
2026-07-06 10:10:00-04:00,309.8599853515625
2026-07-06 10:15:00-04:00,310.8905029296875
2026-07-06 10:20:00-04:00,311.0899963378906
2026-07-06 10:25:00-04:00,311.7300109863281
2026-07-06 10:30:00-04:00,311.2701110839844
2026-07-06 10:35:00-04:00,311.67999267578125
2026-07-06 10:40:00-04:00,311.3999938964844
2026-07-06 10:45:00-04:00,312.0150146484375
2026-07-06 10:50:00-04:00,312.25
2026-07-06 10:55:00-04:00,312.5201110839844
2026-07-06 11:00:00-04:00,312.7900085449219
2026-07-06 11:05:00-04:00,312.6400146484375
2026-07-06 11:10:00-04:00,312.875
2026-07-06 11:15:00-04:00,313.2799987792969
2026-07-06 11:20:00-04:00,312.9794921875
2026-07-06 11:25:00-04:00,313.5799865722656
2026-07-06 11:30:00-04:00,313.6199951171875
2026-07-06 11:35:00-04:00,313.8299865722656
2026-07-06 11:40:00-04:00,314.0899963378906
2026-07-06 11:45:00-04:00,313.5799865722656
2026-07-06 11:50:00-04:00,313.4599914550781
2026-07-06 11:55:00-04:00,313.70001220703125
2026-07-06 12:00:00-04:00,313.4700012207031
2026-07-06 12:05:00-04:00,312.8500061035156
2026-07-06 12:10:00-04:00,313.010009765625
2026-07-06 12:15:00-04:00,312.7919921875
2026-07-06 12:20:00-04:00,312.610107421875
2026-07-06 12:25:00-04:00,312.25
2026-07-06 12:30:00-04:00,312.3599853515625
2026-07-06 12:35:00-04:00,312.07000732421875
2026-07-06 12:40:00-04:00,312.57000732421875
2026-07-06 12:45:00-04:00,312.9599914550781
2026-07-06 12:50:00-04:00,312.6400146484375
2026-07-06 12:55:00-04:00,312.5400085449219
2026-07-06 13:00:00-04:00,312.81988525390625
2026-07-06 13:05:00-04:00,312.4649963378906
2026-07-06 13:10:00-04:00,312.7305908203125
2026-07-06 13:15:00-04:00,312.7101135253906
2026-07-06 13:20:00-04:00,312.6499938964844
2026-07-06 13:25:00-04:00,312.3800048828125
2026-07-06 13:30:00-04:00,312.3399963378906
2026-07-06 13:35:00-04:00,312.4549865722656
2026-07-06 13:40:00-04:00,312.3999938964844
2026-07-06 13:45:00-04:00,312.5400085449219
2026-07-06 13:50:00-04:00,312.3800048828125
2026-07-06 13:55:00-04:00,312.7200927734375
2026-07-06 14:00:00-04:00,312.5799865722656
2026-07-06 14:05:00-04:00,312.7250061035156
2026-07-06 14:10:00-04:00,312.9200134277344
2026-07-06 14:15:00-04:00,312.9849853515625
2026-07-06 14:20:00-04:00,313.0
2026-07-06 14:25:00-04:00,313.07000732421875
2026-07-06 14:30:00-04:00,313.2699890136719
2026-07-06 14:35:00-04:00,312.9649963378906
2026-07-06 14:40:00-04:00,313.2799987792969
2026-07-06 14:45:00-04:00,313.20001220703125
2026-07-06 14:50:00-04:00,313.3800964355469
2026-07-06 14:55:00-04:00,313.2900085449219
2026-07-06 15:00:00-04:00,313.114990234375
2026-07-06 15:05:00-04:00,313.2099914550781
2026-07-06 15:10:00-04:00,313.20001220703125
2026-07-06 15:15:00-04:00,313.2300109863281
2026-07-06 15:20:00-04:00,313.3793029785156
2026-07-06 15:25:00-04:00,313.3999938964844
2026-07-06 15:30:00-04:00,313.510009765625
2026-07-06 15:35:00-04:00,313.6000061035156
2026-07-06 15:40:00-04:00,313.614990234375
2026-07-06 15:45:00-04:00,312.93499755859375
2026-07-06 15:50:00-04:00,312.625
2026-07-06 15:55:00-04:00,312.80999755859375
2026-07-07 09:30:00-04:00,312.9800109863281
2026-07-07 09:35:00-04:00,311.2699890136719
2026-07-07 09:40:00-04:00,312.0899963378906
2026-07-07 09:45:00-04:00,311.8699951171875
2026-07-07 09:50:00-04:00,311.510009765625
2026-07-07 09:55:00-04:00,311.5799865722656
2026-07-07 10:00:00-04:00,311.5
2026-07-07 10:05:00-04:00,312.1099853515625
2026-07-07 10:10:00-04:00,311.8699951171875
2026-07-07 10:15:00-04:00,311.6600036621094
2026-07-07 10:20:00-04:00,311.25
2026-07-07 10:25:00-04:00,311.45001220703125
2026-07-07 10:30:00-04:00,312.3450012207031
2026-07-07 10:35:00-04:00,313.010009765625
2026-07-07 10:40:00-04:00,312.57000732421875
2026-07-07 10:45:00-04:00,312.61151123046875
2026-07-07 10:50:00-04:00,312.364990234375
2026-07-07 10:55:00-04:00,312.7799987792969
2026-07-07 11:00:00-04:00,313.06109619140625
2026-07-07 11:05:00-04:00,313.239990234375
2026-07-07 11:10:00-04:00,313.32000732421875
2026-07-07 11:15:00-04:00,313.6099853515625
2026-07-07 11:20:00-04:00,313.739990234375
2026-07-07 11:25:00-04:00,314.0799865722656
2026-07-07 11:30:00-04:00,313.96600341796875
2026-07-07 11:35:00-04:00,314.07220458984375
2026-07-07 11:40:00-04:00,314.3900146484375
2026-07-07 11:45:00-04:00,314.3450012207031
2026-07-07 11:50:00-04:00,314.2699890136719
2026-07-07 11:55:00-04:00,314.2900085449219
2026-07-07 12:00:00-04:00,314.25
2026-07-07 12:05:00-04:00,313.8399963378906
2026-07-07 12:10:00-04:00,313.1199951171875
2026-07-07 12:15:00-04:00,313.75
2026-07-07 12:20:00-04:00,313.3299865722656
2026-07-07 12:25:00-04:00,313.1700134277344
2026-07-07 12:30:00-04:00,312.9895935058594
2026-07-07 12:35:00-04:00,313.8100891113281
2026-07-07 12:40:00-04:00,313.614990234375
2026-07-07 12:45:00-04:00,313.8599853515625
2026-07-07 12:50:00-04:00,313.739990234375
2026-07-07 12:55:00-04:00,313.6099853515625
2026-07-07 13:00:00-04:00,313.1600036621094
2026-07-07 13:05:00-04:00,312.4200134277344
2026-07-07 13:10:00-04:00,312.80499267578125
2026-07-07 13:15:00-04:00,313.0050048828125
2026-07-07 13:20:00-04:00,312.7799987792969
2026-07-07 13:25:00-04:00,312.8399963378906
2026-07-07 13:30:00-04:00,312.79998779296875
2026-07-07 13:35:00-04:00,312.75
2026-07-07 13:40:00-04:00,312.7200012207031
2026-07-07 13:45:00-04:00,312.56988525390625
2026-07-07 13:50:00-04:00,312.260009765625
2026-07-07 13:55:00-04:00,311.8800048828125
2026-07-07 14:00:00-04:00,312.1700134277344
2026-07-07 14:05:00-04:00,312.05499267578125
2026-07-07 14:10:00-04:00,312.1650085449219
2026-07-07 14:15:00-04:00,312.1099853515625
2026-07-07 14:20:00-04:00,312.1199951171875
2026-07-07 14:25:00-04:00,312.61920166015625
2026-07-07 14:30:00-04:00,312.5950012207031
2026-07-07 14:35:00-04:00,312.7799987792969
2026-07-07 14:40:00-04:00,313.0350036621094
2026-07-07 14:45:00-04:00,312.860107421875
2026-07-07 14:50:00-04:00,312.2099914550781
2026-07-07 14:55:00-04:00,312.0050048828125
2026-07-07 15:00:00-04:00,312.260009765625
2026-07-07 15:05:00-04:00,311.70001220703125
2026-07-07 15:10:00-04:00,311.8799133300781
2026-07-07 15:15:00-04:00,311.7900085449219
2026-07-07 15:20:00-04:00,312.2099914550781
2026-07-07 15:25:00-04:00,311.8949890136719
2026-07-07 15:30:00-04:00,312.1199951171875
2026-07-07 15:35:00-04:00,311.8994140625
2026-07-07 15:40:00-04:00,311.7250061035156
2026-07-07 15:45:00-04:00,311.7799072265625
2026-07-07 15:50:00-04:00,311.510009765625
2026-07-07 15:55:00-04:00,310.6600036621094
2026-07-08 09:30:00-04:00,309.010009765625
2026-07-08 09:35:00-04:00,309.5450134277344
2026-07-08 09:40:00-04:00,307.9158020019531
2026-07-08 09:45:00-04:00,308.5150146484375
2026-07-08 09:50:00-04:00,309.1000061035156
2026-07-08 09:55:00-04:00,309.1300048828125
2026-07-08 10:00:00-04:00,308.9725036621094
2026-07-08 10:05:00-04:00,309.67999267578125
2026-07-08 10:10:00-04:00,309.92498779296875
2026-07-08 10:15:00-04:00,310.239990234375
2026-07-08 10:20:00-04:00,310.5899963378906
2026-07-08 10:25:00-04:00,308.8500061035156
2026-07-08 10:30:00-04:00,309.6015930175781
2026-07-08 10:35:00-04:00,310.239990234375
2026-07-08 10:40:00-04:00,310.2699890136719
2026-07-08 10:45:00-04:00,310.04998779296875
2026-07-08 10:50:00-04:00,309.3500061035156
2026-07-08 10:55:00-04:00,308.8800048828125
2026-07-08 11:00:00-04:00,309.32501220703125
2026-07-08 11:05:00-04:00,309.5050048828125
2026-07-08 11:10:00-04:00,309.9700012207031
2026-07-08 11:15:00-04:00,310.2950134277344
2026-07-08 11:20:00-04:00,310.4800109863281
2026-07-08 11:25:00-04:00,310.06500244140625
2026-07-08 11:30:00-04:00,309.7699890136719
2026-07-08 11:35:00-04:00,309.92999267578125
2026-07-08 11:40:00-04:00,309.55999755859375
2026-07-08 11:45:00-04:00,309.7799987792969
2026-07-08 11:50:00-04:00,309.8999938964844
2026-07-08 11:55:00-04:00,310.2250061035156
2026-07-08 12:00:00-04:00,310.75
2026-07-08 12:05:00-04:00,310.8900146484375
2026-07-08 12:10:00-04:00,310.4849853515625
2026-07-08 12:15:00-04:00,310.875
2026-07-08 12:20:00-04:00,311.29998779296875
2026-07-08 12:25:00-04:00,311.6000061035156
2026-07-08 12:30:00-04:00,311.5050048828125
2026-07-08 12:35:00-04:00,312.095703125
2026-07-08 12:40:00-04:00,312.2099914550781
2026-07-08 12:45:00-04:00,312.7799987792969
2026-07-08 12:50:00-04:00,313.1300048828125
2026-07-08 12:55:00-04:00,313.1000061035156
2026-07-08 13:00:00-04:00,313.3299865722656
2026-07-08 13:05:00-04:00,313.739990234375
2026-07-08 13:10:00-04:00,313.8900146484375
2026-07-08 13:15:00-04:00,313.5400085449219
2026-07-08 13:20:00-04:00,313.7900085449219
2026-07-08 13:25:00-04:00,314.1199035644531
2026-07-08 13:30:00-04:00,314.07000732421875
2026-07-08 13:35:00-04:00,314.2701110839844
2026-07-08 13:40:00-04:00,314.4849853515625
2026-07-08 13:45:00-04:00,314.29998779296875
2026-07-08 13:50:00-04:00,314.3800048828125
2026-07-08 13:55:00-04:00,314.3900146484375
2026-07-08 14:00:00-04:00,314.69500732421875
2026-07-08 14:05:00-04:00,314.69500732421875
2026-07-08 14:10:00-04:00,314.55999755859375
2026-07-08 14:15:00-04:00,314.5199890136719
2026-07-08 14:20:00-04:00,314.4200134277344
2026-07-08 14:25:00-04:00,314.125
2026-07-08 14:30:00-04:00,314.0799865722656
2026-07-08 14:35:00-04:00,314.1400146484375
2026-07-08 14:40:00-04:00,313.95001220703125
2026-07-08 14:45:00-04:00,314.20001220703125
2026-07-08 14:50:00-04:00,314.2250061035156
2026-07-08 14:55:00-04:00,313.8949890136719
2026-07-08 15:00:00-04:00,314.010009765625
2026-07-08 15:05:00-04:00,314.0299987792969
2026-07-08 15:10:00-04:00,313.93499755859375
2026-07-08 15:15:00-04:00,313.67498779296875
2026-07-08 15:20:00-04:00,313.9549865722656
2026-07-08 15:25:00-04:00,313.81500244140625
2026-07-08 15:30:00-04:00,313.95001220703125
2026-07-08 15:35:00-04:00,313.8399963378906
2026-07-08 15:40:00-04:00,313.1000061035156
2026-07-08 15:45:00-04:00,313.0299987792969
2026-07-08 15:50:00-04:00,313.3699951171875
2026-07-08 15:55:00-04:00,313.260009765625
2026-07-09 09:30:00-04:00,310.7300109863281
2026-07-09 09:35:00-04:00,311.7900085449219
2026-07-09 09:40:00-04:00,310.885009765625
2026-07-09 09:45:00-04:00,311.5050048828125
2026-07-09 09:50:00-04:00,311.7200012207031
2026-07-09 09:55:00-04:00,310.9750061035156
2026-07-09 10:00:00-04:00,310.3800048828125
2026-07-09 10:05:00-04:00,311.3299865722656
2026-07-09 10:10:00-04:00,310.8550109863281
2026-07-09 10:15:00-04:00,310.92498779296875
2026-07-09 10:20:00-04:00,311.55999755859375
2026-07-09 10:25:00-04:00,312.0899963378906
2026-07-09 10:30:00-04:00,312.1499938964844
2026-07-09 10:35:00-04:00,312.3500061035156
2026-07-09 10:40:00-04:00,311.6199951171875
2026-07-09 10:45:00-04:00,310.92999267578125
2026-07-09 10:50:00-04:00,311.3800048828125
2026-07-09 10:55:00-04:00,311.55999755859375
2026-07-09 11:00:00-04:00,311.760009765625
2026-07-09 11:05:00-04:00,311.7900085449219
2026-07-09 11:10:00-04:00,312.43499755859375
2026-07-09 11:15:00-04:00,313.29998779296875
2026-07-09 11:20:00-04:00,314.29998779296875
2026-07-09 11:25:00-04:00,314.4599914550781
2026-07-09 11:30:00-04:00,314.489990234375
2026-07-09 11:35:00-04:00,314.9150085449219
2026-07-09 11:40:00-04:00,314.6050109863281
2026-07-09 11:45:00-04:00,314.8550109863281
2026-07-09 11:50:00-04:00,314.5899963378906
2026-07-09 11:55:00-04:00,314.7699890136719
2026-07-09 12:00:00-04:00,315.0249938964844
2026-07-09 12:05:00-04:00,314.7749938964844
2026-07-09 12:10:00-04:00,314.5000915527344
2026-07-09 12:15:00-04:00,314.3599853515625
2026-07-09 12:20:00-04:00,314.6809997558594
2026-07-09 12:25:00-04:00,314.8999938964844
2026-07-09 12:30:00-04:00,315.1050109863281
2026-07-09 12:35:00-04:00,315.1000061035156
2026-07-09 12:40:00-04:00,315.0
2026-07-09 12:45:00-04:00,314.6099853515625
2026-07-09 12:50:00-04:00,314.5
2026-07-09 12:55:00-04:00,314.7099914550781
2026-07-09 13:00:00-04:00,314.9599914550781
2026-07-09 13:05:00-04:00,314.8999938964844
2026-07-09 13:10:00-04:00,315.04998779296875
2026-07-09 13:15:00-04:00,314.69000244140625
2026-07-09 13:20:00-04:00,314.6600036621094
2026-07-09 13:25:00-04:00,314.7214050292969
2026-07-09 13:30:00-04:00,314.70001220703125
2026-07-09 13:35:00-04:00,314.78070068359375
2026-07-09 13:40:00-04:00,314.8599853515625
2026-07-09 13:45:00-04:00,314.8299865722656
2026-07-09 13:50:00-04:00,314.80999755859375
2026-07-09 13:55:00-04:00,314.9800109863281
2026-07-09 14:00:00-04:00,315.27880859375
2026-07-09 14:05:00-04:00,314.635009765625
2026-07-09 14:10:00-04:00,314.7950134277344
2026-07-09 14:15:00-04:00,314.7650146484375
2026-07-09 14:20:00-04:00,314.55999755859375
2026-07-09 14:25:00-04:00,314.55999755859375
2026-07-09 14:30:00-04:00,314.6099853515625
2026-07-09 14:35:00-04:00,314.5400085449219
2026-07-09 14:40:00-04:00,314.69000244140625
2026-07-09 14:45:00-04:00,314.6300048828125
2026-07-09 14:50:00-04:00,314.3299865722656
2026-07-09 14:55:00-04:00,314.44000244140625
2026-07-09 15:00:00-04:00,314.80499267578125
2026-07-09 15:05:00-04:00,314.80999755859375
2026-07-09 15:10:00-04:00,315.1499938964844
2026-07-09 15:15:00-04:00,315.3699951171875
2026-07-09 15:20:00-04:00,315.3999938964844
2026-07-09 15:25:00-04:00,315.4100036621094
2026-07-09 15:30:00-04:00,315.7200012207031
2026-07-09 15:35:00-04:00,315.82501220703125
2026-07-09 15:40:00-04:00,316.1394958496094
2026-07-09 15:45:00-04:00,315.7550048828125
2026-07-09 15:50:00-04:00,316.2300109863281
2026-07-09 15:55:00-04:00,316.17999267578125
2026-07-10 09:30:00-04:00,315.4800109863281
2026-07-10 09:35:00-04:00,315.3299865722656
2026-07-10 09:40:00-04:00,314.7349853515625
2026-07-10 09:45:00-04:00,314.4100036621094
2026-07-10 09:50:00-04:00,314.5
2026-07-10 09:55:00-04:00,314.3005065917969
2026-07-10 10:00:00-04:00,313.9200134277344
2026-07-10 10:05:00-04:00,313.489990234375
2026-07-10 10:10:00-04:00,313.7699890136719
2026-07-10 10:15:00-04:00,313.6300048828125
2026-07-10 10:20:00-04:00,313.3999938964844
2026-07-10 10:25:00-04:00,313.1300048828125
2026-07-10 10:30:00-04:00,312.760009765625
2026-07-10 10:35:00-04:00,312.75
2026-07-10 10:40:00-04:00,312.9649963378906
2026-07-10 10:45:00-04:00,312.8200988769531
2026-07-10 10:50:00-04:00,313.760009765625
2026-07-10 10:55:00-04:00,313.760009765625
2026-07-10 11:00:00-04:00,313.2308044433594
2026-07-10 11:05:00-04:00,313.5299987792969
2026-07-10 11:10:00-04:00,313.8699951171875
2026-07-10 11:15:00-04:00,313.8299865722656
2026-07-10 11:20:00-04:00,313.6260070800781
2026-07-10 11:25:00-04:00,313.3399963378906
2026-07-10 11:30:00-04:00,313.43499755859375
2026-07-10 11:35:00-04:00,313.3399963378906
2026-07-10 11:40:00-04:00,313.17999267578125
2026-07-10 11:45:00-04:00,312.7401123046875
2026-07-10 11:50:00-04:00,313.05999755859375
2026-07-10 11:55:00-04:00,313.2300109863281
2026-07-10 12:00:00-04:00,313.364990234375
2026-07-10 12:05:00-04:00,313.489990234375
2026-07-10 12:10:00-04:00,314.19158935546875
2026-07-10 12:15:00-04:00,314.2349853515625
2026-07-10 12:20:00-04:00,314.4049987792969
2026-07-10 12:25:00-04:00,314.3550109863281
2026-07-10 12:30:00-04:00,314.1300048828125
2026-07-10 12:35:00-04:00,314.2699890136719
2026-07-10 12:40:00-04:00,314.4601135253906
2026-07-10 12:45:00-04:00,314.44000244140625
2026-07-10 12:50:00-04:00,314.7099914550781
2026-07-10 12:55:00-04:00,314.70001220703125
2026-07-10 13:00:00-04:00,314.57000732421875
2026-07-10 13:05:00-04:00,314.4700012207031
2026-07-10 13:10:00-04:00,314.2799987792969
2026-07-10 13:15:00-04:00,314.4200134277344
2026-07-10 13:20:00-04:00,314.30999755859375
2026-07-10 13:25:00-04:00,314.4599914550781
2026-07-10 13:30:00-04:00,314.25
2026-07-10 13:35:00-04:00,314.2898864746094
2026-07-10 13:40:00-04:00,313.9100036621094
2026-07-10 13:45:00-04:00,314.0799865722656
2026-07-10 13:50:00-04:00,314.28680419921875
2026-07-10 13:55:00-04:00,314.1300048828125
2026-07-10 14:00:00-04:00,314.19000244140625
2026-07-10 14:05:00-04:00,314.1199951171875
2026-07-10 14:10:00-04:00,314.1700134277344
2026-07-10 14:15:00-04:00,314.4649963378906
2026-07-10 14:20:00-04:00,314.5201110839844
2026-07-10 14:25:00-04:00,314.840087890625
2026-07-10 14:30:00-04:00,314.80999755859375
2026-07-10 14:35:00-04:00,314.9049987792969
2026-07-10 14:40:00-04:00,314.9549865722656
2026-07-10 14:45:00-04:00,315.1700134277344
2026-07-10 14:50:00-04:00,315.3387145996094
2026-07-10 14:55:00-04:00,315.2699890136719
2026-07-10 15:00:00-04:00,315.5450134277344
2026-07-10 15:05:00-04:00,315.67498779296875
2026-07-10 15:10:00-04:00,316.0199890136719
2026-07-10 15:15:00-04:00,316.2300109863281
2026-07-10 15:20:00-04:00,316.3349914550781
2026-07-10 15:25:00-04:00,316.1600036621094
2026-07-10 15:30:00-04:00,316.6099853515625
2026-07-10 15:35:00-04:00,316.57000732421875
2026-07-10 15:40:00-04:00,316.6600036621094
2026-07-10 15:45:00-04:00,316.4501037597656
2026-07-10 15:50:00-04:00,316.1300048828125
2026-07-10 15:55:00-04:00,315.32989501953125
2026-07-13 09:30:00-04:00,320.5199890136719
2026-07-13 09:35:00-04:00,321.6499938964844
2026-07-13 09:40:00-04:00,322.42999267578125
2026-07-13 09:45:00-04:00,322.9054870605469
2026-07-13 09:50:00-04:00,321.5150146484375
2026-07-13 09:55:00-04:00,321.2149963378906
2026-07-13 10:00:00-04:00,321.489990234375
2026-07-13 10:05:00-04:00,321.1919860839844
2026-07-13 10:10:00-04:00,321.19000244140625
2026-07-13 10:15:00-04:00,320.0
2026-07-13 10:20:00-04:00,320.4800109863281
2026-07-13 10:25:00-04:00,320.19000244140625
2026-07-13 10:30:00-04:00,319.6300048828125
2026-07-13 10:35:00-04:00,318.9200134277344
2026-07-13 10:40:00-04:00,318.7699890136719
2026-07-13 10:45:00-04:00,319.3490905761719
2026-07-13 10:50:00-04:00,318.7099914550781
2026-07-13 10:55:00-04:00,319.07000732421875
2026-07-13 11:00:00-04:00,318.7699890136719
2026-07-13 11:05:00-04:00,318.239990234375
2026-07-13 11:10:00-04:00,317.9200134277344
2026-07-13 11:15:00-04:00,317.8262023925781
2026-07-13 11:20:00-04:00,317.69000244140625
2026-07-13 11:25:00-04:00,317.2200012207031
2026-07-13 11:30:00-04:00,316.55999755859375
2026-07-13 11:35:00-04:00,316.57769775390625
2026-07-13 11:40:00-04:00,316.44000244140625
2026-07-13 11:45:00-04:00,316.8699951171875
2026-07-13 11:50:00-04:00,317.0799865722656
2026-07-13 11:55:00-04:00,317.1199951171875
2026-07-13 12:00:00-04:00,317.260009765625
2026-07-13 12:05:00-04:00,317.7998962402344
2026-07-13 12:10:00-04:00,317.6650085449219
2026-07-13 12:15:00-04:00,317.3349914550781
2026-07-13 12:20:00-04:00,317.2300109863281
2026-07-13 12:25:00-04:00,317.3699951171875
2026-07-13 12:30:00-04:00,317.16009521484375
2026-07-13 12:35:00-04:00,316.5
2026-07-13 12:40:00-04:00,316.4800109863281
2026-07-13 12:45:00-04:00,316.739990234375
2026-07-13 12:50:00-04:00,316.2898864746094
2026-07-13 12:55:00-04:00,316.6000061035156
2026-07-13 13:00:00-04:00,316.1300048828125
2026-07-13 13:05:00-04:00,316.41668701171875
2026-07-13 13:10:00-04:00,316.1000061035156
2026-07-13 13:15:00-04:00,316.1199951171875
2026-07-13 13:20:00-04:00,316.18499755859375
2026-07-13 13:25:00-04:00,316.4700012207031
2026-07-13 13:30:00-04:00,316.44000244140625
2026-07-13 13:35:00-04:00,316.30499267578125
2026-07-13 13:40:00-04:00,316.3999938964844
2026-07-13 13:45:00-04:00,316.4700012207031
2026-07-13 13:50:00-04:00,316.4049987792969
2026-07-13 13:55:00-04:00,316.1549987792969
2026-07-13 14:00:00-04:00,316.42498779296875
2026-07-13 14:05:00-04:00,316.25
2026-07-13 14:10:00-04:00,316.3299865722656
2026-07-13 14:15:00-04:00,316.239990234375
2026-07-13 14:20:00-04:00,316.343994140625
2026-07-13 14:25:00-04:00,316.84051513671875
2026-07-13 14:30:00-04:00,316.8800048828125
2026-07-13 14:35:00-04:00,316.9150085449219
2026-07-13 14:40:00-04:00,316.94000244140625
2026-07-13 14:45:00-04:00,317.0400085449219
2026-07-13 14:50:00-04:00,317.2200012207031
2026-07-13 14:55:00-04:00,317.1600036621094
2026-07-13 15:00:00-04:00,317.1499938964844
2026-07-13 15:05:00-04:00,317.1050109863281
2026-07-13 15:10:00-04:00,316.2900085449219
2026-07-13 15:15:00-04:00,316.7749938964844
2026-07-13 15:20:00-04:00,316.9800109863281
2026-07-13 15:25:00-04:00,316.3299865722656
2026-07-13 15:30:00-04:00,316.4100036621094
2026-07-13 15:35:00-04:00,316.5849914550781
2026-07-13 15:40:00-04:00,316.8500061035156
2026-07-13 15:45:00-04:00,317.2699890136719
2026-07-13 15:50:00-04:00,316.989990234375
2026-07-13 15:55:00-04:00,317.4200134277344
2026-07-14 09:30:00-04:00,313.30999755859375
2026-07-14 09:35:00-04:00,314.8500061035156
2026-07-14 09:40:00-04:00,314.79998779296875
2026-07-14 09:45:00-04:00,313.6000061035156
2026-07-14 09:50:00-04:00,314.2799987792969
2026-07-14 09:55:00-04:00,314.489990234375
2026-07-14 10:00:00-04:00,313.9200134277344
2026-07-14 10:05:00-04:00,314.1400146484375
2026-07-14 10:10:00-04:00,314.260009765625
2026-07-14 10:15:00-04:00,313.989990234375
2026-07-14 10:20:00-04:00,314.17999267578125
2026-07-14 10:25:00-04:00,314.9419860839844
2026-07-14 10:30:00-04:00,315.2799987792969
2026-07-14 10:35:00-04:00,315.864990234375
2026-07-14 10:40:00-04:00,315.4849853515625
2026-07-14 10:45:00-04:00,314.489990234375
2026-07-14 10:50:00-04:00,314.54998779296875
2026-07-14 10:55:00-04:00,314.9501037597656
2026-07-14 11:00:00-04:00,315.5400085449219
2026-07-14 11:05:00-04:00,315.8599853515625
2026-07-14 11:10:00-04:00,315.6600036621094
2026-07-14 11:15:00-04:00,315.67999267578125
2026-07-14 11:20:00-04:00,315.27099609375
2026-07-14 11:25:00-04:00,314.29998779296875
2026-07-14 11:30:00-04:00,314.239990234375
2026-07-14 11:35:00-04:00,314.7699890136719
2026-07-14 11:40:00-04:00,314.45001220703125
2026-07-14 11:45:00-04:00,313.8699951171875
2026-07-14 11:50:00-04:00,313.6579895019531
2026-07-14 11:55:00-04:00,313.260009765625
2026-07-14 12:00:00-04:00,313.2300109863281
2026-07-14 12:05:00-04:00,314.1199951171875
2026-07-14 12:10:00-04:00,314.06500244140625
2026-07-14 12:15:00-04:00,313.3800048828125
2026-07-14 12:20:00-04:00,313.1199951171875
2026-07-14 12:25:00-04:00,313.2699890136719
2026-07-14 12:30:00-04:00,313.2699890136719
2026-07-14 12:35:00-04:00,313.45001220703125
2026-07-14 12:40:00-04:00,313.4700012207031
2026-07-14 12:45:00-04:00,313.6400146484375
2026-07-14 12:50:00-04:00,313.86199951171875
2026-07-14 12:55:00-04:00,314.1199951171875
2026-07-14 13:00:00-04:00,313.9849853515625
2026-07-14 13:05:00-04:00,314.69439697265625
2026-07-14 13:10:00-04:00,314.42999267578125
2026-07-14 13:15:00-04:00,314.9100036621094
2026-07-14 13:20:00-04:00,314.69000244140625
2026-07-14 13:25:00-04:00,314.8699951171875
2026-07-14 13:30:00-04:00,314.7799987792969
2026-07-14 13:35:00-04:00,314.92999267578125
2026-07-14 13:40:00-04:00,314.7749938964844
2026-07-14 13:45:00-04:00,314.8900146484375
2026-07-14 13:50:00-04:00,314.94000244140625
2026-07-14 13:55:00-04:00,315.17999267578125
2026-07-14 14:00:00-04:00,315.260009765625
2026-07-14 14:05:00-04:00,315.27099609375
2026-07-14 14:10:00-04:00,315.2550048828125
2026-07-14 14:15:00-04:00,314.9700012207031
2026-07-14 14:20:00-04:00,315.0299987792969
2026-07-14 14:25:00-04:00,315.2200012207031
2026-07-14 14:30:00-04:00,315.3349914550781
2026-07-14 14:35:00-04:00,315.4100036621094
2026-07-14 14:40:00-04:00,315.18499755859375
2026-07-14 14:45:00-04:00,315.2149963378906
2026-07-14 14:50:00-04:00,315.2850036621094
2026-07-14 14:55:00-04:00,315.4800109863281
2026-07-14 15:00:00-04:00,315.5
2026-07-14 15:05:00-04:00,315.75
2026-07-14 15:10:00-04:00,315.4100036621094
2026-07-14 15:15:00-04:00,315.4201965332031
2026-07-14 15:20:00-04:00,315.7099914550781
2026-07-14 15:25:00-04:00,315.7049865722656
2026-07-14 15:30:00-04:00,315.3500061035156
2026-07-14 15:35:00-04:00,315.43499755859375
2026-07-14 15:40:00-04:00,315.34979248046875
2026-07-14 15:45:00-04:00,315.3399963378906
2026-07-14 15:50:00-04:00,314.67999267578125
2026-07-14 15:55:00-04:00,314.9200134277344
2026-07-15 09:30:00-04:00,318.8699951171875
2026-07-15 09:35:00-04:00,318.8900146484375
2026-07-15 09:40:00-04:00,321.1700134277344
2026-07-15 09:45:00-04:00,320.7950134277344
2026-07-15 09:50:00-04:00,321.2449951171875
2026-07-15 09:55:00-04:00,320.7650146484375
2026-07-15 10:00:00-04:00,323.260009765625
2026-07-15 10:05:00-04:00,323.6499938964844
2026-07-15 10:10:00-04:00,324.7862854003906
2026-07-15 10:15:00-04:00,325.4100036621094
2026-07-15 10:20:00-04:00,324.6300048828125
2026-07-15 10:25:00-04:00,324.7099914550781
2026-07-15 10:30:00-04:00,324.4800109863281
2026-07-15 10:35:00-04:00,324.010009765625
2026-07-15 10:40:00-04:00,324.1600036621094
2026-07-15 10:45:00-04:00,325.05999755859375
2026-07-15 10:50:00-04:00,324.0603942871094
2026-07-15 10:55:00-04:00,323.9100036621094
2026-07-15 11:00:00-04:00,323.79998779296875
2026-07-15 11:05:00-04:00,324.07000732421875
2026-07-15 11:10:00-04:00,324.2300109863281
2026-07-15 11:15:00-04:00,324.4949951171875
2026-07-15 11:20:00-04:00,325.05999755859375
2026-07-15 11:25:00-04:00,325.6199951171875
2026-07-15 11:30:00-04:00,326.0400085449219
2026-07-15 11:35:00-04:00,326.8399963378906
2026-07-15 11:40:00-04:00,326.57000732421875
2026-07-15 11:45:00-04:00,326.6400146484375
2026-07-15 11:50:00-04:00,325.360107421875
2026-07-15 11:55:00-04:00,326.2799987792969
2026-07-15 12:00:00-04:00,326.7699890136719
2026-07-15 12:05:00-04:00,326.9700012207031
2026-07-15 12:10:00-04:00,327.1700134277344
2026-07-15 12:15:00-04:00,327.2200012207031
2026-07-15 12:20:00-04:00,327.9800109863281
2026-07-15 12:25:00-04:00,328.1700134277344
2026-07-15 12:30:00-04:00,328.2200012207031
2026-07-15 12:35:00-04:00,327.885009765625
2026-07-15 12:40:00-04:00,328.20001220703125
2026-07-15 12:45:00-04:00,327.92999267578125
2026-07-15 12:50:00-04:00,327.97698974609375
2026-07-15 12:55:00-04:00,327.9599914550781
2026-07-15 13:00:00-04:00,327.989990234375
2026-07-15 13:05:00-04:00,326.760009765625
2026-07-15 13:10:00-04:00,326.6400146484375
2026-07-15 13:15:00-04:00,326.3500061035156
2026-07-15 13:20:00-04:00,326.75250244140625
2026-07-15 13:25:00-04:00,326.989990234375
2026-07-15 13:30:00-04:00,327.1050109863281
2026-07-15 13:35:00-04:00,327.8399963378906
2026-07-15 13:40:00-04:00,327.2275085449219
2026-07-15 13:45:00-04:00,327.55999755859375
2026-07-15 13:50:00-04:00,327.6099853515625
2026-07-15 13:55:00-04:00,327.5851135253906
2026-07-15 14:00:00-04:00,327.4750061035156
2026-07-15 14:05:00-04:00,327.32000732421875
2026-07-15 14:10:00-04:00,327.6099853515625
2026-07-15 14:15:00-04:00,327.3699951171875
2026-07-15 14:20:00-04:00,327.43011474609375
2026-07-15 14:25:00-04:00,327.7900085449219
2026-07-15 14:30:00-04:00,327.6499938964844
2026-07-15 14:35:00-04:00,327.6700134277344
2026-07-15 14:40:00-04:00,327.6549987792969
2026-07-15 14:45:00-04:00,327.1449890136719
2026-07-15 14:50:00-04:00,327.2049865722656
2026-07-15 14:55:00-04:00,327.5249938964844
2026-07-15 15:00:00-04:00,328.5899963378906
2026-07-15 15:05:00-04:00,328.17999267578125
2026-07-15 15:10:00-04:00,327.8399963378906
2026-07-15 15:15:00-04:00,327.7650146484375
2026-07-15 15:20:00-04:00,327.5050048828125
2026-07-15 15:25:00-04:00,327.05999755859375
2026-07-15 15:30:00-04:00,326.42999267578125
2026-07-15 15:35:00-04:00,326.3699951171875
2026-07-15 15:40:00-04:00,325.8699951171875
2026-07-15 15:45:00-04:00,326.2200012207031
2026-07-15 15:50:00-04:00,327.44500732421875
2026-07-15 15:55:00-04:00,327.57000732421875
2026-07-16 09:30:00-04:00,327.125
2026-07-16 09:35:00-04:00,327.6899108886719
2026-07-16 09:40:00-04:00,327.8550109863281
2026-07-16 09:45:00-04:00,328.9750061035156
2026-07-16 09:50:00-04:00,329.85540771484375
2026-07-16 09:55:00-04:00,331.1499938964844
2026-07-16 10:00:00-04:00,330.0409851074219
2026-07-16 10:05:00-04:00,328.2424011230469
2026-07-16 10:10:00-04:00,328.752197265625
2026-07-16 10:15:00-04:00,329.1400146484375
2026-07-16 10:20:00-04:00,330.239990234375
2026-07-16 10:25:00-04:00,330.3699951171875
2026-07-16 10:30:00-04:00,330.6400146484375
2026-07-16 10:35:00-04:00,330.75
2026-07-16 10:40:00-04:00,330.7049865722656
2026-07-16 10:45:00-04:00,330.3800048828125
2026-07-16 10:50:00-04:00,330.239990234375
2026-07-16 10:55:00-04:00,330.20001220703125
2026-07-16 11:00:00-04:00,330.1300048828125
2026-07-16 11:05:00-04:00,329.94500732421875
2026-07-16 11:10:00-04:00,330.4700012207031
2026-07-16 11:15:00-04:00,330.42999267578125
2026-07-16 11:20:00-04:00,330.4800109863281
2026-07-16 11:25:00-04:00,330.6300048828125
2026-07-16 11:30:00-04:00,330.79998779296875
2026-07-16 11:35:00-04:00,331.3699951171875
2026-07-16 11:40:00-04:00,331.2892150878906
2026-07-16 11:45:00-04:00,331.5
2026-07-16 11:50:00-04:00,332.2398986816406
2026-07-16 11:55:00-04:00,331.8500061035156
2026-07-16 12:00:00-04:00,331.6300048828125
2026-07-16 12:05:00-04:00,331.3399963378906
2026-07-16 12:10:00-04:00,330.69000244140625
2026-07-16 12:15:00-04:00,331.1000061035156
2026-07-16 12:20:00-04:00,331.1600036621094
2026-07-16 12:25:00-04:00,331.1400146484375
2026-07-16 12:30:00-04:00,331.17999267578125
2026-07-16 12:35:00-04:00,330.260009765625
2026-07-16 12:40:00-04:00,330.43798828125
2026-07-16 12:45:00-04:00,331.3450012207031
2026-07-16 12:50:00-04:00,331.8800048828125
2026-07-16 12:55:00-04:00,332.0799865722656
2026-07-16 13:00:00-04:00,332.32000732421875
2026-07-16 13:05:00-04:00,332.0799865722656
2026-07-16 13:10:00-04:00,331.7749938964844
2026-07-16 13:15:00-04:00,332.3999938964844
2026-07-16 13:20:00-04:00,332.44000244140625
2026-07-16 13:25:00-04:00,332.8999938964844
2026-07-16 13:30:00-04:00,333.2250061035156
2026-07-16 13:35:00-04:00,332.9800109863281
2026-07-16 13:40:00-04:00,332.3500061035156
2026-07-16 13:45:00-04:00,332.0799865722656
2026-07-16 13:50:00-04:00,331.82000732421875
2026-07-16 13:55:00-04:00,331.635009765625
2026-07-16 14:00:00-04:00,331.3599853515625
2026-07-16 14:05:00-04:00,331.3800048828125
2026-07-16 14:10:00-04:00,329.639892578125
2026-07-16 14:15:00-04:00,330.3351135253906
2026-07-16 14:20:00-04:00,330.8406066894531
2026-07-16 14:25:00-04:00,331.260009765625
2026-07-16 14:30:00-04:00,331.2900085449219
2026-07-16 14:35:00-04:00,331.80999755859375
2026-07-16 14:40:00-04:00,331.9599914550781
2026-07-16 14:45:00-04:00,332.4200134277344
2026-07-16 14:50:00-04:00,332.80999755859375
2026-07-16 14:55:00-04:00,333.17999267578125
2026-07-16 15:00:00-04:00,333.4949951171875
2026-07-16 15:05:00-04:00,334.0299987792969
2026-07-16 15:10:00-04:00,334.19500732421875
2026-07-16 15:15:00-04:00,334.2900085449219
2026-07-16 15:20:00-04:00,334.1400146484375
2026-07-16 15:25:00-04:00,332.989990234375
2026-07-16 15:30:00-04:00,332.59820556640625
2026-07-16 15:35:00-04:00,332.6700134277344
2026-07-16 15:40:00-04:00,332.2799987792969
2026-07-16 15:45:00-04:00,331.19189453125
2026-07-16 15:50:00-04:00,332.6400146484375
2026-07-16 15:55:00-04:00,333.2699890136719
2026-07-17 09:30:00-04:00,333.44000244140625
2026-07-17 09:35:00-04:00,334.9599914550781
2026-07-17 09:40:00-04:00,333.8399963378906
2026-07-17 09:45:00-04:00,333.07000732421875
2026-07-17 09:50:00-04:00,332.21490478515625
2026-07-17 09:55:00-04:00,330.9800109863281
2026-07-17 10:00:00-04:00,330.260009765625
2026-07-17 10:05:00-04:00,329.68499755859375
2026-07-17 10:10:00-04:00,330.5086975097656
2026-07-17 10:15:00-04:00,330.5400085449219
2026-07-17 10:20:00-04:00,330.8139953613281
2026-07-17 10:25:00-04:00,331.8399963378906
2026-07-17 10:30:00-04:00,333.93499755859375
2026-07-17 10:35:00-04:00,332.3999938964844
2026-07-17 10:40:00-04:00,333.07000732421875
2026-07-17 10:45:00-04:00,332.5899963378906
2026-07-17 10:50:00-04:00,332.80999755859375
2026-07-17 10:55:00-04:00,333.1700134277344
2026-07-17 11:00:00-04:00,332.9200134277344
2026-07-17 11:05:00-04:00,333.30999755859375
2026-07-17 11:10:00-04:00,333.80499267578125
2026-07-17 11:15:00-04:00,333.7300109863281
2026-07-17 11:20:00-04:00,333.5450134277344
2026-07-17 11:25:00-04:00,334.6549987792969
2026-07-17 11:30:00-04:00,334.010009765625
2026-07-17 11:35:00-04:00,333.69000244140625
2026-07-17 11:40:00-04:00,333.7099914550781
2026-07-17 11:45:00-04:00,333.57000732421875
2026-07-17 11:50:00-04:00,333.1099853515625
2026-07-17 11:55:00-04:00,332.3500061035156
2026-07-17 12:00:00-04:00,330.8299865722656
2026-07-17 12:05:00-04:00,330.57000732421875
2026-07-17 12:10:00-04:00,330.30499267578125
2026-07-17 12:15:00-04:00,330.7799987792969
2026-07-17 12:20:00-04:00,330.55999755859375
2026-07-17 12:25:00-04:00,331.7449951171875
2026-07-17 12:30:00-04:00,331.9700012207031
2026-07-17 12:35:00-04:00,332.1300048828125
2026-07-17 12:40:00-04:00,332.2550048828125
2026-07-17 12:45:00-04:00,331.7925109863281
2026-07-17 12:50:00-04:00,332.0899963378906
2026-07-17 12:55:00-04:00,330.5101013183594
2026-07-17 13:00:00-04:00,330.0199890136719
2026-07-17 13:05:00-04:00,330.2900085449219
2026-07-17 13:10:00-04:00,329.4849853515625
2026-07-17 13:15:00-04:00,329.6300048828125
2026-07-17 13:20:00-04:00,329.3599853515625
2026-07-17 13:25:00-04:00,330.5400085449219
2026-07-17 13:30:00-04:00,330.32501220703125
2026-07-17 13:35:00-04:00,330.4599914550781
2026-07-17 13:40:00-04:00,330.8800964355469
2026-07-17 13:45:00-04:00,330.7950134277344
2026-07-17 13:50:00-04:00,330.80999755859375
2026-07-17 13:55:00-04:00,331.7799987792969
2026-07-17 14:00:00-04:00,332.0350036621094
2026-07-17 14:05:00-04:00,331.9150085449219
2026-07-17 14:10:00-04:00,332.6050109863281
2026-07-17 14:15:00-04:00,332.3500061035156
2026-07-17 14:20:00-04:00,332.5199890136719
2026-07-17 14:25:00-04:00,332.375
2026-07-17 14:30:00-04:00,332.2300109863281
2026-07-17 14:35:00-04:00,332.4700927734375
2026-07-17 14:40:00-04:00,333.5899963378906
2026-07-17 14:45:00-04:00,334.5
2026-07-17 14:50:00-04:00,334.260009765625
2026-07-17 14:55:00-04:00,333.92498779296875
2026-07-17 15:00:00-04:00,333.9750061035156
2026-07-17 15:05:00-04:00,334.0450134277344
2026-07-17 15:10:00-04:00,333.6400146484375
2026-07-17 15:15:00-04:00,333.3500061035156
2026-07-17 15:20:00-04:00,332.7699890136719
2026-07-17 15:25:00-04:00,332.8299865722656
2026-07-17 15:30:00-04:00,332.7099914550781
2026-07-17 15:35:00-04:00,333.42999267578125
2026-07-17 15:40:00-04:00,333.9200134277344
2026-07-17 15:45:00-04:00,333.9200134277344
2026-07-17 15:50:00-04:00,334.17498779296875
2026-07-17 15:55:00-04:00,333.739990234375
2026-07-20 09:30:00-04:00,331.9100036621094
2026-07-20 09:35:00-04:00,331.05499267578125
2026-07-20 09:40:00-04:00,330.5799865722656
2026-07-20 09:45:00-04:00,330.30499267578125
2026-07-20 09:50:00-04:00,328.7002868652344
2026-07-20 09:55:00-04:00,328.8999938964844
2026-07-20 10:00:00-04:00,328.4100036621094
2026-07-20 10:05:00-04:00,328.2650146484375
2026-07-20 10:10:00-04:00,327.1700134277344
2026-07-20 10:15:00-04:00,327.114990234375
2026-07-20 10:20:00-04:00,326.5249938964844
2026-07-20 10:25:00-04:00,327.0199890136719
2026-07-20 10:30:00-04:00,327.1199951171875
2026-07-20 10:35:00-04:00,326.93499755859375
2026-07-20 10:40:00-04:00,327.9649963378906
2026-07-20 10:45:00-04:00,327.32000732421875
2026-07-20 10:50:00-04:00,326.4599914550781
2026-07-20 10:55:00-04:00,326.42999267578125
2026-07-20 11:00:00-04:00,326.82000732421875
2026-07-20 11:05:00-04:00,326.7300109863281
2026-07-20 11:10:00-04:00,324.9599914550781
2026-07-20 11:15:00-04:00,324.7304992675781
2026-07-20 11:20:00-04:00,324.9200134277344
2026-07-20 11:25:00-04:00,324.8999938964844
2026-07-20 11:30:00-04:00,325.8299865722656
2026-07-20 11:35:00-04:00,326.0199890136719
2026-07-20 11:40:00-04:00,326.0150146484375
2026-07-20 11:45:00-04:00,325.30999755859375
2026-07-20 11:50:00-04:00,326.2804870605469
2026-07-20 11:55:00-04:00,325.9750061035156
2026-07-20 12:00:00-04:00,325.7402038574219
2026-07-20 12:05:00-04:00,325.3800048828125
2026-07-20 12:10:00-04:00,325.2200927734375
2026-07-20 12:15:00-04:00,325.4100036621094
2026-07-20 12:20:00-04:00,325.3699951171875
2026-07-20 12:25:00-04:00,325.0
2026-07-20 12:30:00-04:00,324.04998779296875
2026-07-20 12:35:00-04:00,324.57000732421875
2026-07-20 12:40:00-04:00,324.4150085449219
2026-07-20 12:45:00-04:00,324.80999755859375
2026-07-20 12:50:00-04:00,324.2799987792969
2026-07-20 12:55:00-04:00,324.2449951171875
2026-07-20 13:00:00-04:00,324.2300109863281
2026-07-20 13:05:00-04:00,325.0799865722656
2026-07-20 13:10:00-04:00,324.79998779296875
2026-07-20 13:15:00-04:00,324.8949890136719
2026-07-20 13:20:00-04:00,324.5799865722656
2026-07-20 13:25:00-04:00,324.7200012207031
2026-07-20 13:30:00-04:00,324.70001220703125
2026-07-20 13:35:00-04:00,324.8299865722656
2026-07-20 13:40:00-04:00,324.3699951171875
2026-07-20 13:45:00-04:00,324.8550109863281
2026-07-20 13:50:00-04:00,324.7300109863281
2026-07-20 13:55:00-04:00,324.7799987792969
2026-07-20 14:00:00-04:00,325.0548095703125
2026-07-20 14:05:00-04:00,325.42498779296875
2026-07-20 14:10:00-04:00,325.4700012207031
2026-07-20 14:15:00-04:00,326.30999755859375
2026-07-20 14:20:00-04:00,325.9501037597656
2026-07-20 14:25:00-04:00,325.94000244140625
2026-07-20 14:30:00-04:00,326.4750061035156
2026-07-20 14:35:00-04:00,326.25
2026-07-20 14:40:00-04:00,325.4700012207031
2026-07-20 14:45:00-04:00,326.5899963378906
2026-07-20 14:50:00-04:00,327.19000244140625
2026-07-20 14:55:00-04:00,326.75
2026-07-20 15:00:00-04:00,327.4800109863281
2026-07-20 15:05:00-04:00,328.1200866699219
2026-07-20 15:10:00-04:00,328.19000244140625
2026-07-20 15:15:00-04:00,328.2349853515625
2026-07-20 15:20:00-04:00,328.5498962402344
2026-07-20 15:25:00-04:00,329.0199890136719
2026-07-20 15:30:00-04:00,329.29998779296875
2026-07-20 15:35:00-04:00,328.8399963378906
2026-07-20 15:40:00-04:00,328.0400085449219
2026-07-20 15:45:00-04:00,328.29840087890625
2026-07-20 15:50:00-04:00,327.05999755859375
2026-07-20 15:55:00-04:00,326.70001220703125
2026-07-21 09:30:00-04:00,325.06719970703125
2026-07-21 09:35:00-04:00,324.7799987792969
2026-07-21 09:40:00-04:00,324.82000732421875
2026-07-21 09:45:00-04:00,323.1050109863281
2026-07-21 09:50:00-04:00,322.2986145019531
2026-07-21 09:55:00-04:00,324.1099853515625
2026-07-21 10:00:00-04:00,324.6449890136719
2026-07-21 10:05:00-04:00,325.4599914550781
2026-07-21 10:10:00-04:00,326.06988525390625
2026-07-21 10:15:00-04:00,326.0
2026-07-21 10:20:00-04:00,326.0849914550781
2026-07-21 10:25:00-04:00,326.739990234375
2026-07-21 10:30:00-04:00,326.6300048828125
2026-07-21 10:35:00-04:00,326.7300109863281
2026-07-21 10:40:00-04:00,327.29998779296875
2026-07-21 10:45:00-04:00,326.9599914550781
2026-07-21 10:50:00-04:00,326.92498779296875
2026-07-21 10:55:00-04:00,327.0899963378906
2026-07-21 11:00:00-04:00,326.5050048828125
2026-07-21 11:05:00-04:00,326.5450134277344
2026-07-21 11:10:00-04:00,327.45001220703125
2026-07-21 11:15:00-04:00,327.3900146484375
2026-07-21 11:20:00-04:00,328.19000244140625
2026-07-21 11:25:00-04:00,328.385009765625
2026-07-21 11:30:00-04:00,327.9700012207031
2026-07-21 11:35:00-04:00,327.92999267578125
2026-07-21 11:40:00-04:00,328.4750061035156
2026-07-21 11:45:00-04:00,328.760009765625
2026-07-21 11:50:00-04:00,328.8500061035156
2026-07-21 11:55:00-04:00,328.7749938964844
2026-07-21 12:00:00-04:00,328.7598876953125
2026-07-21 12:05:00-04:00,329.17999267578125
2026-07-21 12:10:00-04:00,329.57000732421875
2026-07-21 12:15:00-04:00,329.1700134277344
2026-07-21 12:20:00-04:00,328.7799072265625
2026-07-21 12:25:00-04:00,328.6199951171875
2026-07-21 12:30:00-04:00,328.7149963378906
2026-07-21 12:35:00-04:00,328.25
2026-07-21 12:40:00-04:00,327.95001220703125
2026-07-21 12:45:00-04:00,327.68499755859375
2026-07-21 12:50:00-04:00,327.6199951171875
2026-07-21 12:55:00-04:00,328.43011474609375
2026-07-21 13:00:00-04:00,327.80999755859375
2026-07-21 13:05:00-04:00,328.6098937988281
2026-07-21 13:10:00-04:00,328.2300109863281
2026-07-21 13:15:00-04:00,328.0249938964844
2026-07-21 13:20:00-04:00,328.1600036621094
2026-07-21 13:25:00-04:00,327.07000732421875
2026-07-21 13:30:00-04:00,327.0299987792969
2026-07-21 13:35:00-04:00,327.0299987792969
2026-07-21 13:40:00-04:00,326.8999938964844
2026-07-21 13:45:00-04:00,327.20001220703125
2026-07-21 13:50:00-04:00,327.69000244140625
2026-07-21 13:55:00-04:00,327.6700134277344
2026-07-21 14:00:00-04:00,327.4800109863281
2026-07-21 14:05:00-04:00,327.2950134277344
2026-07-21 14:10:00-04:00,327.5
2026-07-21 14:15:00-04:00,327.57000732421875
2026-07-21 14:20:00-04:00,327.15008544921875
2026-07-21 14:25:00-04:00,327.239990234375
2026-07-21 14:30:00-04:00,327.489990234375
2026-07-21 14:35:00-04:00,327.7699890136719
2026-07-21 14:40:00-04:00,328.2099914550781
2026-07-21 14:45:00-04:00,328.07000732421875
2026-07-21 14:50:00-04:00,328.29998779296875
2026-07-21 14:55:00-04:00,328.1600036621094
2026-07-21 15:00:00-04:00,328.1199035644531
2026-07-21 15:05:00-04:00,328.2506103515625
2026-07-21 15:10:00-04:00,327.7049865722656
2026-07-21 15:15:00-04:00,328.0
2026-07-21 15:20:00-04:00,327.5400085449219
2026-07-21 15:25:00-04:00,327.93499755859375
2026-07-21 15:30:00-04:00,327.7349853515625
2026-07-21 15:35:00-04:00,327.810302734375
2026-07-21 15:40:00-04:00,327.7699890136719
2026-07-21 15:45:00-04:00,327.7799987792969
2026-07-21 15:50:00-04:00,327.82000732421875
2026-07-21 15:55:00-04:00,327.5899963378906
2026-07-22 09:30:00-04:00,326.82000732421875
2026-07-22 09:35:00-04:00,327.3699951171875
2026-07-22 09:40:00-04:00,326.2049865722656
2026-07-22 09:45:00-04:00,326.8999938964844
2026-07-22 09:50:00-04:00,326.07000732421875
2026-07-22 09:55:00-04:00,325.94000244140625
2026-07-22 10:00:00-04:00,325.5199890136719
2026-07-22 10:05:00-04:00,325.5000915527344
2026-07-22 10:10:00-04:00,324.9750061035156
2026-07-22 10:15:00-04:00,324.9599914550781
2026-07-22 10:20:00-04:00,324.7699890136719
2026-07-22 10:25:00-04:00,324.4750061035156
2026-07-22 10:30:00-04:00,324.54998779296875
2026-07-22 10:35:00-04:00,324.9700012207031
2026-07-22 10:40:00-04:00,324.82989501953125
2026-07-22 10:45:00-04:00,325.07501220703125
2026-07-22 10:50:00-04:00,325.2933044433594
2026-07-22 10:55:00-04:00,325.6000061035156
2026-07-22 11:00:00-04:00,324.7959899902344
2026-07-22 11:05:00-04:00,324.6659851074219
2026-07-22 11:10:00-04:00,324.32501220703125
2026-07-22 11:15:00-04:00,324.4949951171875
2026-07-22 11:20:00-04:00,324.989990234375
2026-07-22 11:25:00-04:00,325.79998779296875
2026-07-22 11:30:00-04:00,325.3450012207031
2026-07-22 11:35:00-04:00,325.3599853515625
2026-07-22 11:40:00-04:00,325.364990234375
2026-07-22 11:45:00-04:00,325.260009765625
2026-07-22 11:50:00-04:00,325.3699951171875
2026-07-22 11:55:00-04:00,325.05999755859375
2026-07-22 12:00:00-04:00,324.5400085449219
2026-07-22 12:05:00-04:00,324.6499938964844
2026-07-22 12:10:00-04:00,324.45001220703125
2026-07-22 12:15:00-04:00,324.8699951171875
2026-07-22 12:20:00-04:00,324.8900146484375
2026-07-22 12:25:00-04:00,324.885009765625
2026-07-22 12:30:00-04:00,324.0350036621094
2026-07-22 12:35:00-04:00,323.94989013671875
2026-07-22 12:40:00-04:00,324.5299987792969
2026-07-22 12:45:00-04:00,324.2699890136719
2026-07-22 12:50:00-04:00,324.18499755859375
2026-07-22 12:55:00-04:00,324.2099914550781
2026-07-22 13:00:00-04:00,323.9700012207031
2026-07-22 13:05:00-04:00,323.9700012207031
2026-07-22 13:10:00-04:00,323.9599914550781
2026-07-22 13:15:00-04:00,323.80999755859375
2026-07-22 13:20:00-04:00,323.610107421875
2026-07-22 13:25:00-04:00,323.6650085449219
2026-07-22 13:30:00-04:00,323.77508544921875
2026-07-22 13:35:00-04:00,323.739990234375
2026-07-22 13:40:00-04:00,323.8999938964844
2026-07-22 13:45:00-04:00,323.80999755859375
2026-07-22 13:50:00-04:00,323.8999938964844
2026-07-22 13:55:00-04:00,323.93499755859375
2026-07-22 14:00:00-04:00,323.77508544921875
2026-07-22 14:05:00-04:00,323.82000732421875
2026-07-22 14:10:00-04:00,323.8800048828125
2026-07-22 14:15:00-04:00,323.8550109863281
2026-07-22 14:20:00-04:00,323.9150085449219
2026-07-22 14:25:00-04:00,323.92999267578125
2026-07-22 14:30:00-04:00,324.1549987792969
2026-07-22 14:35:00-04:00,324.3699951171875
2026-07-22 14:40:00-04:00,324.42999267578125
2026-07-22 14:45:00-04:00,324.6499938964844
2026-07-22 14:50:00-04:00,324.3999938964844
2026-07-22 14:55:00-04:00,324.29998779296875
2026-07-22 15:00:00-04:00,324.260009765625
2026-07-22 15:05:00-04:00,324.45001220703125
2026-07-22 15:10:00-04:00,324.42498779296875
2026-07-22 15:15:00-04:00,324.3500061035156
2026-07-22 15:20:00-04:00,324.3984069824219
2026-07-22 15:25:00-04:00,324.44000244140625
2026-07-22 15:30:00-04:00,324.2699890136719
2026-07-22 15:35:00-04:00,324.375
2026-07-22 15:40:00-04:00,324.45001220703125
2026-07-22 15:45:00-04:00,325.67999267578125
2026-07-22 15:50:00-04:00,326.3800048828125
2026-07-22 15:55:00-04:00,325.8699951171875
2026-07-23 09:30:00-04:00,321.8949890136719
2026-07-23 09:35:00-04:00,321.625
2026-07-23 09:40:00-04:00,320.8399963378906
2026-07-23 09:45:00-04:00,319.5350036621094
2026-07-23 09:50:00-04:00,319.6000061035156
2026-07-23 09:55:00-04:00,320.1600036621094
2026-07-23 10:00:00-04:00,321.57000732421875
2026-07-23 10:05:00-04:00,320.7650146484375
2026-07-23 10:10:00-04:00,320.80999755859375
2026-07-23 10:15:00-04:00,320.75
2026-07-23 10:20:00-04:00,321.3900146484375
2026-07-23 10:25:00-04:00,321.489990234375
2026-07-23 10:30:00-04:00,322.2799987792969
2026-07-23 10:35:00-04:00,322.67999267578125
2026-07-23 10:40:00-04:00,321.8699951171875
2026-07-23 10:45:00-04:00,321.3100891113281
2026-07-23 10:50:00-04:00,321.1300048828125
2026-07-23 10:55:00-04:00,321.2699890136719
2026-07-23 11:00:00-04:00,321.3550109863281
2026-07-23 11:05:00-04:00,321.42999267578125
2026-07-23 11:10:00-04:00,321.8500061035156
2026-07-23 11:15:00-04:00,321.9700012207031
2026-07-23 11:20:00-04:00,321.4400939941406
2026-07-23 11:25:00-04:00,321.2799987792969
2026-07-23 11:30:00-04:00,321.07000732421875
2026-07-23 11:35:00-04:00,320.9750061035156
2026-07-23 11:40:00-04:00,320.8599853515625
2026-07-23 11:45:00-04:00,320.739990234375
2026-07-23 11:50:00-04:00,320.7049865722656
2026-07-23 11:55:00-04:00,320.8599853515625
2026-07-23 12:00:00-04:00,320.55999755859375
2026-07-23 12:05:00-04:00,321.2300109863281
2026-07-23 12:10:00-04:00,321.45001220703125
2026-07-23 12:15:00-04:00,321.0101013183594
2026-07-23 12:20:00-04:00,321.3399963378906
2026-07-23 12:25:00-04:00,320.3598937988281
2026-07-23 12:30:00-04:00,320.1151123046875
2026-07-23 12:35:00-04:00,320.30499267578125
2026-07-23 12:40:00-04:00,320.55999755859375
2026-07-23 12:45:00-04:00,320.3550109863281
2026-07-23 12:50:00-04:00,320.489990234375
2026-07-23 12:55:00-04:00,320.6105041503906
2026-07-23 13:00:00-04:00,320.6300964355469
2026-07-23 13:05:00-04:00,320.6300048828125
2026-07-23 13:10:00-04:00,320.6300048828125
2026-07-23 13:15:00-04:00,320.3900146484375
2026-07-23 13:20:00-04:00,320.80999755859375
2026-07-23 13:25:00-04:00,320.8699951171875
2026-07-23 13:30:00-04:00,320.7449951171875
2026-07-23 13:35:00-04:00,320.5299987792969
2026-07-23 13:40:00-04:00,320.6600036621094
2026-07-23 13:45:00-04:00,321.1706848144531
2026-07-23 13:50:00-04:00,320.885009765625
2026-07-23 13:55:00-04:00,320.51239013671875
2026-07-23 14:00:00-04:00,320.4549865722656
2026-07-23 14:05:00-04:00,320.0799865722656
2026-07-23 14:10:00-04:00,320.1499938964844
2026-07-23 14:15:00-04:00,320.1680908203125
2026-07-23 14:20:00-04:00,320.3992004394531
2026-07-23 14:25:00-04:00,320.2699890136719
2026-07-23 14:30:00-04:00,320.1300048828125
2026-07-23 14:35:00-04:00,319.875
2026-07-23 14:40:00-04:00,320.0050048828125
2026-07-23 14:45:00-04:00,320.4100036621094
2026-07-23 14:50:00-04:00,320.1400146484375
2026-07-23 14:55:00-04:00,320.7200012207031
2026-07-23 15:00:00-04:00,320.7799987792969
2026-07-23 15:05:00-04:00,320.7900085449219
2026-07-23 15:10:00-04:00,320.7200012207031
2026-07-23 15:15:00-04:00,320.7699890136719
2026-07-23 15:20:00-04:00,321.010009765625
2026-07-23 15:25:00-04:00,320.4198913574219
2026-07-23 15:30:00-04:00,320.32000732421875
2026-07-23 15:35:00-04:00,320.6700134277344
2026-07-23 15:40:00-04:00,321.1199951171875
2026-07-23 15:45:00-04:00,320.7300109863281
2026-07-23 15:50:00-04:00,320.9599914550781
2026-07-23 15:55:00-04:00,321.6099853515625
2026-07-24 09:30:00-04:00,324.67999267578125
2026-07-24 09:35:00-04:00,325.20001220703125
2026-07-24 09:40:00-04:00,325.6700134277344
2026-07-24 09:45:00-04:00,326.80999755859375
2026-07-24 09:50:00-04:00,327.3800048828125
2026-07-24 09:55:00-04:00,326.864990234375
2026-07-24 10:00:00-04:00,327.3800048828125
2026-07-24 10:05:00-04:00,328.1300048828125
2026-07-24 10:10:00-04:00,328.0199890136719
2026-07-24 10:15:00-04:00,328.2099914550781
2026-07-24 10:20:00-04:00,329.29998779296875
2026-07-24 10:25:00-04:00,328.79998779296875
2026-07-24 10:30:00-04:00,329.2099914550781
2026-07-24 10:35:00-04:00,329.30999755859375
2026-07-24 10:40:00-04:00,329.4049987792969
2026-07-24 10:45:00-04:00,329.4150085449219
2026-07-24 10:50:00-04:00,329.70001220703125
2026-07-24 10:55:00-04:00,329.9649963378906
2026-07-24 11:00:00-04:00,330.4100036621094
2026-07-24 11:05:00-04:00,330.3550109863281
2026-07-24 11:10:00-04:00,331.2699890136719
2026-07-24 11:15:00-04:00,331.1400146484375
2026-07-24 11:20:00-04:00,331.4100036621094
2026-07-24 11:25:00-04:00,331.7650146484375
2026-07-24 11:30:00-04:00,332.260009765625
2026-07-24 11:35:00-04:00,332.6499938964844
2026-07-24 11:40:00-04:00,332.80999755859375
2026-07-24 11:45:00-04:00,332.9150085449219
2026-07-24 11:50:00-04:00,333.3598937988281
2026-07-24 11:55:00-04:00,333.04998779296875
2026-07-24 12:00:00-04:00,333.7449951171875
2026-07-24 12:05:00-04:00,333.07000732421875
2026-07-24 12:10:00-04:00,333.2101135253906
2026-07-24 12:15:00-04:00,333.6700134277344
2026-07-24 12:20:00-04:00,333.94000244140625
2026-07-24 12:25:00-04:00,333.7200012207031
2026-07-24 12:30:00-04:00,333.5249938964844
2026-07-24 12:35:00-04:00,333.760009765625
2026-07-24 12:40:00-04:00,333.5799865722656
2026-07-24 12:45:00-04:00,333.0450134277344
2026-07-24 12:50:00-04:00,332.95001220703125
2026-07-24 12:55:00-04:00,333.1820068359375
2026-07-24 13:00:00-04:00,332.8949890136719
2026-07-24 13:05:00-04:00,332.6549987792969
2026-07-24 13:10:00-04:00,332.5
2026-07-24 13:15:00-04:00,332.4601135253906
2026-07-24 13:20:00-04:00,332.2799987792969
2026-07-24 13:25:00-04:00,332.3999938964844
2026-07-24 13:30:00-04:00,332.8599853515625
2026-07-24 13:35:00-04:00,332.8500061035156
2026-07-24 13:40:00-04:00,332.9200134277344
2026-07-24 13:45:00-04:00,332.9949951171875
2026-07-24 13:50:00-04:00,332.9150085449219
2026-07-24 13:55:00-04:00,332.6499938964844
2026-07-24 14:00:00-04:00,332.7550048828125
2026-07-24 14:05:00-04:00,332.7601013183594
2026-07-24 14:10:00-04:00,332.44000244140625
2026-07-24 14:15:00-04:00,332.5899963378906
2026-07-24 14:20:00-04:00,332.3999938964844
2026-07-24 14:25:00-04:00,332.2650146484375
2026-07-24 14:30:00-04:00,332.19000244140625
2026-07-24 14:35:00-04:00,332.5299987792969
2026-07-24 14:40:00-04:00,332.2300109863281
2026-07-24 14:45:00-04:00,332.67999267578125
2026-07-24 14:50:00-04:00,332.9800109863281
2026-07-24 14:55:00-04:00,332.92999267578125
2026-07-24 15:00:00-04:00,333.0799865722656
2026-07-24 15:05:00-04:00,332.6099853515625
2026-07-24 15:10:00-04:00,332.760009765625
2026-07-24 15:15:00-04:00,333.07000732421875
2026-07-24 15:20:00-04:00,332.79998779296875
2026-07-24 15:25:00-04:00,332.489990234375
2026-07-24 15:30:00-04:00,332.3800048828125
2026-07-24 15:35:00-04:00,332.3399963378906
2026-07-24 15:40:00-04:00,332.7650146484375
2026-07-24 15:45:00-04:00,331.9800109863281
2026-07-24 15:50:00-04:00,333.239990234375
2026-07-24 15:55:00-04:00,333.07000732421875
2026-07-27 09:30:00-04:00,335.5450134277344
2026-07-27 09:35:00-04:00,335.7349853515625
2026-07-27 09:40:00-04:00,335.05999755859375
2026-07-27 09:45:00-04:00,335.35009765625
2026-07-27 09:50:00-04:00,334.7850036621094
2026-07-27 09:55:00-04:00,335.5849914550781
2026-07-27 10:00:00-04:00,335.7300109863281
2026-07-27 10:05:00-04:00,336.3500061035156
2026-07-27 10:10:00-04:00,336.6000061035156
2026-07-27 10:15:00-04:00,337.6300048828125
2026-07-27 10:20:00-04:00,337.7300109863281
2026-07-27 10:25:00-04:00,337.69000244140625
2026-07-27 10:30:00-04:00,337.3500061035156
2026-07-27 10:35:00-04:00,337.6700134277344
2026-07-27 10:40:00-04:00,336.32501220703125
2026-07-27 10:45:00-04:00,337.3699951171875
2026-07-27 10:50:00-04:00,336.9700012207031
2026-07-27 10:55:00-04:00,338.20001220703125
2026-07-27 11:00:00-04:00,339.1000061035156
2026-07-27 11:05:00-04:00,338.5899963378906
2026-07-27 11:10:00-04:00,339.04998779296875
2026-07-27 11:15:00-04:00,338.8399963378906
2026-07-27 11:20:00-04:00,338.5801086425781
2026-07-27 11:25:00-04:00,338.739990234375
2026-07-27 11:30:00-04:00,339.3699951171875
2026-07-27 11:35:00-04:00,337.4700012207031
2026-07-27 11:40:00-04:00,338.260009765625
2026-07-27 11:45:00-04:00,338.2300109863281
2026-07-27 11:50:00-04:00,337.9399108886719
2026-07-27 11:55:00-04:00,337.06500244140625
2026-07-27 12:00:00-04:00,337.2301025390625
2026-07-27 12:05:00-04:00,337.20001220703125
2026-07-27 12:10:00-04:00,337.30999755859375
2026-07-27 12:15:00-04:00,337.4800109863281
2026-07-27 12:20:00-04:00,337.489990234375
2026-07-27 12:25:00-04:00,337.4501037597656
2026-07-27 12:30:00-04:00,337.7200012207031
2026-07-27 12:35:00-04:00,337.43499755859375
2026-07-27 12:40:00-04:00,336.7349853515625
2026-07-27 12:45:00-04:00,336.45001220703125
2026-07-27 12:50:00-04:00,336.37298583984375
2026-07-27 12:55:00-04:00,336.6600036621094
2026-07-27 13:00:00-04:00,336.07501220703125
2026-07-27 13:05:00-04:00,336.260009765625
2026-07-27 13:10:00-04:00,336.3392028808594
2026-07-27 13:15:00-04:00,335.9200134277344
2026-07-27 13:20:00-04:00,336.4200134277344
2026-07-27 13:25:00-04:00,336.04998779296875
2026-07-27 13:30:00-04:00,336.4200134277344
2026-07-27 13:35:00-04:00,336.5299987792969
2026-07-27 13:40:00-04:00,336.260009765625
2026-07-27 13:45:00-04:00,335.8500061035156
2026-07-27 13:50:00-04:00,336.0400085449219
2026-07-27 13:55:00-04:00,335.5174865722656
2026-07-27 14:00:00-04:00,335.4132080078125
2026-07-27 14:05:00-04:00,335.739990234375
2026-07-27 14:10:00-04:00,335.63299560546875
2026-07-27 14:15:00-04:00,335.6199951171875
2026-07-27 14:20:00-04:00,335.6449890136719
2026-07-27 14:25:00-04:00,335.1499938964844
2026-07-27 14:30:00-04:00,334.8598937988281
2026-07-27 14:35:00-04:00,335.0
2026-07-27 14:40:00-04:00,335.0400085449219
2026-07-27 14:45:00-04:00,335.090087890625
2026-07-27 14:50:00-04:00,335.75
2026-07-27 14:55:00-04:00,335.8500061035156
2026-07-27 15:00:00-04:00,335.3031005859375
2026-07-27 15:05:00-04:00,335.5350036621094
2026-07-27 15:10:00-04:00,335.6000061035156
2026-07-27 15:15:00-04:00,335.6000061035156
2026-07-27 15:20:00-04:00,335.8500061035156
2026-07-27 15:25:00-04:00,335.7200012207031
2026-07-27 15:30:00-04:00,336.01031494140625
2026-07-27 15:35:00-04:00,336.2900085449219
2026-07-27 15:40:00-04:00,336.2300109863281
2026-07-27 15:45:00-04:00,336.3500061035156
2026-07-27 15:50:00-04:00,337.1199951171875
2026-07-27 15:55:00-04:00,336.9200134277344
2026-07-28 09:30:00-04:00,339.4700012207031
2026-07-28 09:35:00-04:00,338.75
2026-07-28 09:40:00-04:00,338.42999267578125
2026-07-28 09:45:00-04:00,337.93499755859375
2026-07-28 09:50:00-04:00,338.25
2026-07-28 09:55:00-04:00,337.5
2026-07-28 10:00:00-04:00,336.3500061035156
2026-07-28 10:05:00-04:00,336.635009765625
2026-07-28 10:10:00-04:00,336.8800048828125
2026-07-28 10:15:00-04:00,337.4150085449219
2026-07-28 10:20:00-04:00,337.7200012207031
2026-07-28 10:25:00-04:00,337.9599914550781
2026-07-28 10:30:00-04:00,338.6000061035156
2026-07-28 10:35:00-04:00,337.4364929199219
2026-07-28 10:40:00-04:00,338.1650085449219
2026-07-28 10:45:00-04:00,338.0899963378906
2026-07-28 10:50:00-04:00,337.2250061035156
2026-07-28 10:55:00-04:00,337.05499267578125
2026-07-28 11:00:00-04:00,337.7650146484375
2026-07-28 11:05:00-04:00,338.8399963378906
2026-07-28 11:10:00-04:00,339.0899963378906
2026-07-28 11:15:00-04:00,339.3500061035156
2026-07-28 11:20:00-04:00,338.80999755859375
2026-07-28 11:25:00-04:00,339.2699890136719
2026-07-28 11:30:00-04:00,339.19000244140625
2026-07-28 11:35:00-04:00,339.44000244140625
2026-07-28 11:40:00-04:00,339.6700134277344
2026-07-28 11:45:00-04:00,339.3005065917969
2026-07-28 11:50:00-04:00,339.55999755859375
2026-07-28 11:55:00-04:00,339.6600036621094
2026-07-28 12:00:00-04:00,339.6600036621094
2026-07-28 12:05:00-04:00,339.9100036621094
2026-07-28 12:10:00-04:00,339.82000732421875
2026-07-28 12:15:00-04:00,339.7099914550781
2026-07-28 12:20:00-04:00,339.6650085449219
2026-07-28 12:25:00-04:00,339.80999755859375
2026-07-28 12:30:00-04:00,340.29998779296875
2026-07-28 12:35:00-04:00,340.05010986328125
2026-07-28 12:40:00-04:00,339.4549865722656
2026-07-28 12:45:00-04:00,339.1300048828125
2026-07-28 12:50:00-04:00,339.92999267578125
2026-07-28 12:55:00-04:00,339.7699890136719
2026-07-28 13:00:00-04:00,339.6700134277344
2026-07-28 13:05:00-04:00,339.3800048828125
2026-07-28 13:10:00-04:00,339.1000061035156
2026-07-28 13:15:00-04:00,339.04998779296875
2026-07-28 13:20:00-04:00,339.1856994628906
2026-07-28 13:25:00-04:00,339.0299987792969
2026-07-28 13:30:00-04:00,339.1400146484375
2026-07-28 13:35:00-04:00,339.3703918457031
2026-07-28 13:40:00-04:00,339.5199890136719
2026-07-28 13:45:00-04:00,339.8800048828125
2026-07-28 13:50:00-04:00,339.7900085449219
2026-07-28 13:55:00-04:00,339.7449951171875
2026-07-28 14:00:00-04:00,339.6600036621094
2026-07-28 14:05:00-04:00,339.625
2026-07-28 14:10:00-04:00,339.55999755859375
2026-07-28 14:15:00-04:00,339.75
2026-07-28 14:20:00-04:00,339.7699890136719
2026-07-28 14:25:00-04:00,339.8399963378906
2026-07-28 14:30:00-04:00,339.45001220703125
2026-07-28 14:35:00-04:00,338.81500244140625
2026-07-28 14:40:00-04:00,338.3999938964844
2026-07-28 14:45:00-04:00,338.6499938964844
2026-07-28 14:50:00-04:00,338.8500061035156
2026-07-28 14:55:00-04:00,339.3500061035156
2026-07-28 15:00:00-04:00,339.614990234375
2026-07-28 15:05:00-04:00,339.32501220703125
2026-07-28 15:10:00-04:00,339.1700134277344
2026-07-28 15:15:00-04:00,339.2795104980469
2026-07-28 15:20:00-04:00,339.2749938964844
2026-07-28 15:25:00-04:00,339.20001220703125
2026-07-28 15:30:00-04:00,339.3599853515625
2026-07-28 15:35:00-04:00,339.7049865722656
2026-07-28 15:40:00-04:00,340.010009765625
2026-07-28 15:45:00-04:00,339.44000244140625
2026-07-28 15:50:00-04:00,339.8500061035156
2026-07-28 15:55:00-04:00,340.1600036621094
2026-07-29 09:30:00-04:00,340.0282897949219
2026-07-29 09:35:00-04:00,341.2178955078125
2026-07-29 09:40:00-04:00,341.55999755859375
2026-07-29 09:45:00-04:00,343.2349853515625
2026-07-29 09:50:00-04:00,343.0249938964844
2026-07-29 09:55:00-04:00,342.8699951171875
2026-07-29 10:00:00-04:00,343.19000244140625
2026-07-29 10:05:00-04:00,342.6650085449219
2026-07-29 10:10:00-04:00,341.8299865722656
2026-07-29 10:15:00-04:00,341.29998779296875
2026-07-29 10:20:00-04:00,341.2200012207031
2026-07-29 10:25:00-04:00,341.1600036621094
2026-07-29 10:30:00-04:00,341.70001220703125
2026-07-29 10:35:00-04:00,341.2900085449219
2026-07-29 10:40:00-04:00,341.5899963378906
2026-07-29 10:45:00-04:00,341.0400085449219
2026-07-29 10:50:00-04:00,340.7099914550781
2026-07-29 10:55:00-04:00,340.3900146484375
2026-07-29 11:00:00-04:00,339.739990234375
2026-07-29 11:05:00-04:00,340.2650146484375
2026-07-29 11:10:00-04:00,339.9700012207031
2026-07-29 11:15:00-04:00,339.8699951171875
2026-07-29 11:20:00-04:00,340.05999755859375
2026-07-29 11:25:00-04:00,339.80999755859375
2026-07-29 11:30:00-04:00,339.8999938964844
2026-07-29 11:35:00-04:00,340.3999938964844
2026-07-29 11:40:00-04:00,340.0899963378906
2026-07-29 11:45:00-04:00,340.8399963378906
2026-07-29 11:50:00-04:00,340.8399963378906
2026-07-29 11:55:00-04:00,341.0299987792969
2026-07-29 12:00:00-04:00,340.8999938964844
2026-07-29 12:05:00-04:00,341.010009765625
2026-07-29 12:10:00-04:00,340.8299865722656
2026-07-29 12:15:00-04:00,341.07000732421875
2026-07-29 12:20:00-04:00,341.54998779296875
2026-07-29 12:25:00-04:00,341.2699890136719
2026-07-29 12:30:00-04:00,341.1099853515625
2026-07-29 12:35:00-04:00,340.57000732421875
2026-07-29 12:40:00-04:00,340.55999755859375
2026-07-29 12:45:00-04:00,340.8500061035156
2026-07-29 12:50:00-04:00,341.0299987792969
2026-07-29 12:55:00-04:00,341.30999755859375
2026-07-29 13:00:00-04:00,341.9649963378906
2026-07-29 13:05:00-04:00,341.56988525390625
2026-07-29 13:10:00-04:00,342.32000732421875
2026-07-29 13:15:00-04:00,342.864990234375
2026-07-29 13:20:00-04:00,342.92999267578125
2026-07-29 13:25:00-04:00,342.7200012207031
2026-07-29 13:30:00-04:00,342.4750061035156
2026-07-29 13:35:00-04:00,343.0010986328125
2026-07-29 13:40:00-04:00,343.04840087890625
2026-07-29 13:45:00-04:00,342.9949951171875
2026-07-29 13:50:00-04:00,342.9800109863281
2026-07-29 13:55:00-04:00,343.2099914550781
2026-07-29 14:00:00-04:00,344.17498779296875
2026-07-29 14:05:00-04:00,343.75
2026-07-29 14:10:00-04:00,343.70001220703125
2026-07-29 14:15:00-04:00,343.8800048828125
2026-07-29 14:20:00-04:00,343.3500061035156
2026-07-29 14:25:00-04:00,343.58770751953125
2026-07-29 14:30:00-04:00,343.2900085449219
2026-07-29 14:35:00-04:00,343.815185546875
2026-07-29 14:40:00-04:00,343.70001220703125
2026-07-29 14:45:00-04:00,343.79998779296875
2026-07-29 14:50:00-04:00,343.6300964355469
2026-07-29 14:55:00-04:00,342.8999938964844
2026-07-29 15:00:00-04:00,342.31500244140625
2026-07-29 15:05:00-04:00,341.9549865722656
2026-07-29 15:10:00-04:00,342.4200134277344
2026-07-29 15:15:00-04:00,342.2950134277344
2026-07-29 15:20:00-04:00,341.54998779296875
2026-07-29 15:25:00-04:00,341.5299987792969
2026-07-29 15:30:00-04:00,340.80499267578125
2026-07-29 15:35:00-04:00,339.6400146484375
2026-07-29 15:40:00-04:00,339.5799865722656
2026-07-29 15:45:00-04:00,340.07000732421875
2026-07-29 15:50:00-04:00,339.3299865722656
2026-07-29 15:55:00-04:00,338.07000732421875
2026-07-30 09:30:00-04:00,332.739990234375
2026-07-30 09:35:00-04:00,331.2950134277344
2026-07-30 09:40:00-04:00,332.19000244140625
2026-07-30 09:45:00-04:00,331.55499267578125
2026-07-30 09:50:00-04:00,332.3106994628906
2026-07-30 09:55:00-04:00,332.1499938964844
2026-07-30 10:00:00-04:00,330.75
2026-07-30 10:05:00-04:00,332.79998779296875
2026-07-30 10:10:00-04:00,331.3999938964844
2026-07-30 10:15:00-04:00,331.44000244140625
2026-07-30 10:20:00-04:00,331.5899963378906
2026-07-30 10:25:00-04:00,331.30999755859375
2026-07-30 10:30:00-04:00,329.8599853515625
2026-07-30 10:35:00-04:00,331.1400146484375
2026-07-30 10:40:00-04:00,332.0799865722656
2026-07-30 10:45:00-04:00,332.2300109863281
2026-07-30 10:50:00-04:00,331.9700012207031
2026-07-30 10:55:00-04:00,332.3299865722656
2026-07-30 11:00:00-04:00,331.8399963378906
2026-07-30 11:05:00-04:00,332.7799987792969
2026-07-30 11:10:00-04:00,331.4700012207031
2026-07-30 11:15:00-04:00,331.635009765625
2026-07-30 11:20:00-04:00,331.20001220703125
2026-07-30 11:25:00-04:00,331.2200012207031
2026-07-30 11:30:00-04:00,332.0299987792969
2026-07-30 11:35:00-04:00,331.7200012207031
2026-07-30 11:40:00-04:00,332.1400146484375
2026-07-30 11:45:00-04:00,331.8349914550781
2026-07-30 11:50:00-04:00,331.7049865722656
2026-07-30 11:55:00-04:00,331.760009765625
2026-07-30 12:00:00-04:00,331.04998779296875
2026-07-30 12:05:00-04:00,330.9800109863281
2026-07-30 12:10:00-04:00,331.2099914550781
2026-07-30 12:15:00-04:00,332.0400085449219
2026-07-30 12:20:00-04:00,331.94000244140625
2026-07-30 12:25:00-04:00,332.0899963378906
2026-07-30 12:30:00-04:00,331.8299865722656
2026-07-30 12:35:00-04:00,332.0150146484375
2026-07-30 12:40:00-04:00,332.125
2026-07-30 12:45:00-04:00,332.1199951171875
2026-07-30 12:50:00-04:00,332.1300048828125
2026-07-30 12:55:00-04:00,331.6199951171875
2026-07-30 13:00:00-04:00,332.1600036621094
2026-07-30 13:05:00-04:00,332.25
2026-07-30 13:10:00-04:00,332.7099914550781
2026-07-30 13:15:00-04:00,332.55999755859375
2026-07-30 13:20:00-04:00,332.2900085449219
2026-07-30 13:25:00-04:00,332.0899963378906
2026-07-30 13:30:00-04:00,331.9100036621094
2026-07-30 13:35:00-04:00,332.15008544921875
2026-07-30 13:40:00-04:00,332.6499938964844
2026-07-30 13:45:00-04:00,332.69000244140625
2026-07-30 13:50:00-04:00,332.92999267578125
2026-07-30 13:55:00-04:00,333.2950134277344
2026-07-30 14:00:00-04:00,333.0249938964844
2026-07-30 14:05:00-04:00,333.19500732421875
2026-07-30 14:10:00-04:00,333.2749938964844
2026-07-30 14:15:00-04:00,333.6549987792969
2026-07-30 14:20:00-04:00,333.0602111816406
2026-07-30 14:25:00-04:00,333.1000061035156
2026-07-30 14:30:00-04:00,333.5899963378906
2026-07-30 14:35:00-04:00,333.55999755859375
2026-07-30 14:40:00-04:00,333.5299987792969
2026-07-30 14:45:00-04:00,333.9100036621094
2026-07-30 14:50:00-04:00,333.9798889160156
2026-07-30 14:55:00-04:00,333.75
2026-07-30 15:00:00-04:00,333.80999755859375
2026-07-30 15:05:00-04:00,333.6099853515625
2026-07-30 15:10:00-04:00,333.6549987792969
2026-07-30 15:15:00-04:00,333.8699951171875
2026-07-30 15:20:00-04:00,333.45001220703125
2026-07-30 15:25:00-04:00,333.1600036621094
2026-07-30 15:30:00-04:00,333.25
2026-07-30 15:35:00-04:00,333.4700012207031
2026-07-30 15:40:00-04:00,333.0050048828125
2026-07-30 15:45:00-04:00,332.6549987792969
2026-07-30 15:50:00-04:00,332.864990234375
2026-07-30 15:55:00-04:00,333.8500061035156
2026-07-31 09:30:00-04:00,302.1099853515625
2026-07-31 09:35:00-04:00,301.32000732421875
2026-07-31 09:40:00-04:00,304.7900085449219
2026-07-31 09:45:00-04:00,305.17999267578125
2026-07-31 09:50:00-04:00,304.81890869140625
2026-07-31 09:55:00-04:00,302.7900085449219
2026-07-31 10:00:00-04:00,302.1199951171875
2026-07-31 10:05:00-04:00,302.8800048828125
2026-07-31 10:10:00-04:00,302.1361083984375
2026-07-31 10:15:00-04:00,302.53009033203125
2026-07-31 10:20:00-04:00,303.2099914550781
2026-07-31 10:25:00-04:00,302.739990234375
2026-07-31 10:30:00-04:00,301.94000244140625
2026-07-31 10:35:00-04:00,302.260009765625
2026-07-31 10:40:00-04:00,302.43499755859375
2026-07-31 10:45:00-04:00,302.57000732421875
2026-07-31 10:50:00-04:00,302.4299011230469
2026-07-31 10:55:00-04:00,303.1600036621094
2026-07-31 11:00:00-04:00,302.635009765625
2026-07-31 11:05:00-04:00,302.8900146484375
2026-07-31 11:10:00-04:00,302.9949951171875
2026-07-31 11:15:00-04:00,303.8901062011719
2026-07-31 11:20:00-04:00,302.95001220703125
2026-07-31 11:25:00-04:00,301.7300109863281
2026-07-31 11:30:00-04:00,302.2731018066406
2026-07-31 11:35:00-04:00,302.1600036621094
2026-07-31 11:40:00-04:00,301.95001220703125
2026-07-31 11:45:00-04:00,300.88580322265625
2026-07-31 11:50:00-04:00,301.3999938964844
2026-07-31 11:55:00-04:00,301.2950134277344
2026-07-31 12:00:00-04:00,301.3399963378906
2026-07-31 12:05:00-04:00,301.2300109863281
2026-07-31 12:10:00-04:00,302.114990234375
2026-07-31 12:15:00-04:00,301.1549987792969
2026-07-31 12:20:00-04:00,301.44500732421875
2026-07-31 12:25:00-04:00,300.5400085449219
2026-07-31 12:30:00-04:00,300.5350036621094
2026-07-31 12:35:00-04:00,300.54998779296875
2026-07-31 12:40:00-04:00,300.364990234375
2026-07-31 12:45:00-04:00,300.7799987792969
2026-07-31 12:50:00-04:00,300.7200012207031
2026-07-31 12:55:00-04:00,300.8699951171875
2026-07-31 13:00:00-04:00,301.5849914550781
2026-07-31 13:05:00-04:00,301.1709899902344
2026-07-31 13:10:00-04:00,301.5199890136719
2026-07-31 13:15:00-04:00,301.57501220703125
2026-07-31 13:20:00-04:00,301.3500061035156
2026-07-31 13:25:00-04:00,301.20001220703125
2026-07-31 13:30:00-04:00,301.468994140625
2026-07-31 13:35:00-04:00,301.3900146484375
2026-07-31 13:40:00-04:00,301.30499267578125
2026-07-31 13:45:00-04:00,301.1600036621094
2026-07-31 13:50:00-04:00,300.67999267578125
2026-07-31 13:55:00-04:00,300.6400146484375
2026-07-31 14:00:00-04:00,301.07501220703125
2026-07-31 14:05:00-04:00,300.9549865722656
2026-07-31 14:10:00-04:00,301.9949951171875
2026-07-31 14:15:00-04:00,302.0299987792969
2026-07-31 14:20:00-04:00,302.3299865722656
2026-07-31 14:25:00-04:00,301.7300109863281
2026-07-31 14:30:00-04:00,302.0610046386719
2026-07-31 14:35:00-04:00,302.0150146484375
2026-07-31 14:40:00-04:00,302.3223876953125
2026-07-31 14:45:00-04:00,302.2950134277344
2026-07-31 14:50:00-04:00,302.885009765625
2026-07-31 14:55:00-04:00,302.8299865722656
2026-07-31 15:00:00-04:00,303.75
2026-07-31 15:05:00-04:00,304.4150085449219
2026-07-31 15:10:00-04:00,304.5799865722656
2026-07-31 15:15:00-04:00,305.24200439453125
2026-07-31 15:20:00-04:00,305.3450012207031
2026-07-31 15:25:00-04:00,305.6549987792969
2026-07-31 15:30:00-04:00,305.8599853515625
2026-07-31 15:35:00-04:00,305.1400146484375
2026-07-31 15:40:00-04:00,306.5350036621094
2026-07-31 15:45:00-04:00,306.7099914550781
2026-07-31 15:50:00-04:00,309.7200012207031
2026-07-31 15:55:00-04:00,309.0299987792969
2026-08-03 09:30:00-04:00,308.2799987792969
2026-08-03 09:35:00-04:00,306.9200134277344
2026-08-03 09:40:00-04:00,306.135009765625
2026-08-03 09:45:00-04:00,306.67999267578125
2026-08-03 09:50:00-04:00,308.2950134277344
2026-08-03 09:55:00-04:00,305.91900634765625
2026-08-03 10:00:00-04:00,304.6000061035156
2026-08-03 10:05:00-04:00,305.5299987792969
2026-08-03 10:10:00-04:00,306.510009765625
2026-08-03 10:15:00-04:00,306.2149963378906
2026-08-03 10:20:00-04:00,306.010009765625
2026-08-03 10:25:00-04:00,305.55010986328125
2026-08-03 10:30:00-04:00,305.625
2026-08-03 10:35:00-04:00,305.5000915527344
2026-08-03 10:40:00-04:00,305.7550048828125
2026-08-03 10:45:00-04:00,305.2799987792969
2026-08-03 10:50:00-04:00,305.4100036621094
2026-08-03 10:55:00-04:00,305.3500061035156
2026-08-03 11:00:00-04:00,304.9649963378906
2026-08-03 11:05:00-04:00,304.8900146484375
2026-08-03 11:10:00-04:00,305.1571960449219
2026-08-03 11:15:00-04:00,305.19000244140625
2026-08-03 11:20:00-04:00,304.8949890136719
2026-08-03 11:25:00-04:00,304.2149963378906
2026-08-03 11:30:00-04:00,303.6199951171875
2026-08-03 11:35:00-04:00,303.8089904785156
2026-08-03 11:40:00-04:00,303.16009521484375
2026-08-03 11:45:00-04:00,302.7510986328125
2026-08-03 11:50:00-04:00,303.0849914550781
2026-08-03 11:55:00-04:00,303.7749938964844
2026-08-03 12:00:00-04:00,304.33990478515625
2026-08-03 12:05:00-04:00,304.1099853515625
2026-08-03 12:10:00-04:00,304.04010009765625
2026-08-03 12:15:00-04:00,304.4599914550781
2026-08-03 12:20:00-04:00,305.1449890136719
2026-08-03 12:25:00-04:00,306.3599853515625
2026-08-03 12:30:00-04:00,306.41009521484375
2026-08-03 12:35:00-04:00,306.875
2026-08-03 12:40:00-04:00,306.6600036621094
2026-08-03 12:45:00-04:00,306.2049865722656
2026-08-03 12:50:00-04:00,306.55499267578125
2026-08-03 12:55:00-04:00,306.6099853515625
2026-08-03 13:00:00-04:00,306.94500732421875
2026-08-03 13:05:00-04:00,306.82501220703125
2026-08-03 13:10:00-04:00,306.7049865722656
2026-08-03 13:15:00-04:00,307.0599060058594
2026-08-03 13:20:00-04:00,307.2001037597656
2026-08-03 13:25:00-04:00,307.2250061035156
2026-08-03 13:30:00-04:00,306.81500244140625
2026-08-03 13:35:00-04:00,306.5350036621094
2026-08-03 13:40:00-04:00,306.7900085449219
2026-08-03 13:45:00-04:00,306.2499084472656
2026-08-03 13:50:00-04:00,305.9501037597656
2026-08-03 13:55:00-04:00,306.07501220703125
2026-08-03 14:00:00-04:00,306.20001220703125
2026-08-03 14:05:00-04:00,306.0450134277344
2026-08-03 14:10:00-04:00,305.9849853515625
2026-08-03 14:15:00-04:00,306.24249267578125
2026-08-03 14:20:00-04:00,305.95001220703125
2026-08-03 14:25:00-04:00,305.5202941894531
2026-08-03 14:30:00-04:00,305.59991455078125
2026-08-03 14:35:00-04:00,305.2799987792969
2026-08-03 14:40:00-04:00,305.0849914550781
2026-08-03 14:45:00-04:00,305.0400085449219
2026-08-03 14:50:00-04:00,305.1300048828125
2026-08-03 14:55:00-04:00,305.2099914550781
2026-08-03 15:00:00-04:00,305.44000244140625
2026-08-03 15:05:00-04:00,305.8450012207031
2026-08-03 15:10:00-04:00,305.9049987792969
2026-08-03 15:15:00-04:00,305.57501220703125
2026-08-03 15:20:00-04:00,305.0150146484375
2026-08-03 15:25:00-04:00,305.0450134277344
2026-08-03 15:30:00-04:00,304.9100036621094
2026-08-03 15:35:00-04:00,305.0
2026-08-03 15:40:00-04:00,304.82501220703125
2026-08-03 15:45:00-04:00,304.010009765625
2026-08-03 15:50:00-04:00,303.4010009765625
2026-08-03 15:55:00-04:00,303.2699890136719
2026-08-04 09:30:00-04:00,304.3399963378906
2026-08-04 09:35:00-04:00,303.2650146484375
2026-08-04 09:40:00-04:00,303.8399963378906
2026-08-04 09:45:00-04:00,304.7550048828125
2026-08-04 09:50:00-04:00,304.2099914550781
2026-08-04 09:55:00-04:00,305.29998779296875
2026-08-04 10:00:00-04:00,304.7950134277344
2026-08-04 10:05:00-04:00,305.5299987792969
2026-08-04 10:10:00-04:00,305.75
2026-08-04 10:15:00-04:00,306.614990234375
2026-08-04 10:20:00-04:00,306.7900085449219
2026-08-04 10:25:00-04:00,306.80999755859375
2026-08-04 10:30:00-04:00,306.2950134277344
2026-08-04 10:35:00-04:00,305.8550109863281
2026-08-04 10:40:00-04:00,305.4800109863281
2026-08-04 10:45:00-04:00,306.32000732421875
2026-08-04 10:50:00-04:00,306.1000061035156
2026-08-04 10:55:00-04:00,306.2349853515625
2026-08-04 11:00:00-04:00,306.1400146484375
2026-08-04 11:05:00-04:00,306.3900146484375
2026-08-04 11:10:00-04:00,306.2423095703125
2026-08-04 11:15:00-04:00,306.1000061035156
2026-08-04 11:20:00-04:00,306.4649963378906
2026-08-04 11:25:00-04:00,305.67388916015625
2026-08-04 11:30:00-04:00,305.95001220703125
2026-08-04 11:35:00-04:00,306.44000244140625
2026-08-04 11:40:00-04:00,306.2598876953125
2026-08-04 11:45:00-04:00,306.3794860839844
2026-08-04 11:50:00-04:00,306.2699890136719
2026-08-04 11:55:00-04:00,306.3450012207031
2026-08-04 12:00:00-04:00,306.1993103027344
2026-08-04 12:05:00-04:00,305.92498779296875
2026-08-04 12:10:00-04:00,306.3515930175781
2026-08-04 12:15:00-04:00,305.8699951171875
2026-08-04 12:20:00-04:00,306.2300109863281
2026-08-04 12:25:00-04:00,306.5050048828125
2026-08-04 12:30:00-04:00,306.4649963378906
2026-08-04 12:35:00-04:00,306.739990234375
2026-08-04 12:40:00-04:00,307.7650146484375
2026-08-04 12:45:00-04:00,307.8999938964844
2026-08-04 12:50:00-04:00,308.2200012207031
2026-08-04 12:55:00-04:00,308.2453918457031
2026-08-04 13:00:00-04:00,309.29998779296875
2026-08-04 13:05:00-04:00,309.614990234375
2026-08-04 13:10:00-04:00,310.12200927734375
2026-08-04 13:15:00-04:00,309.70001220703125
2026-08-04 13:20:00-04:00,308.9277038574219
2026-08-04 13:25:00-04:00,308.8999938964844
2026-08-04 13:30:00-04:00,308.72808837890625
2026-08-04 13:35:00-04:00,309.322998046875
2026-08-04 13:40:00-04:00,309.5830078125
2026-08-04 13:45:00-04:00,309.9206848144531
2026-08-04 13:50:00-04:00,309.60321044921875
2026-08-04 13:55:00-04:00,309.3599853515625
2026-08-04 14:00:00-04:00,309.8399963378906
2026-08-04 14:05:00-04:00,309.95001220703125
2026-08-04 14:10:00-04:00,310.0299987792969
2026-08-04 14:15:00-04:00,309.8999938964844
2026-08-04 14:20:00-04:00,309.48651123046875
2026-08-04 14:25:00-04:00,309.32000732421875
2026-08-04 14:30:00-04:00,309.1400146484375
2026-08-04 14:35:00-04:00,308.92999267578125
2026-08-04 14:40:00-04:00,308.81500244140625
2026-08-04 14:45:00-04:00,309.0400085449219
2026-08-04 14:50:00-04:00,309.18499755859375
2026-08-04 14:55:00-04:00,308.5199890136719
2026-08-04 15:00:00-04:00,308.6499938964844
2026-08-04 15:05:00-04:00,308.5199890136719
2026-08-04 15:10:00-04:00,308.7200012207031
2026-08-04 15:15:00-04:00,308.739990234375
2026-08-04 15:20:00-04:00,309.53228759765625
2026-08-04 15:25:00-04:00,309.5799865722656
2026-08-04 15:30:00-04:00,310.07000732421875
2026-08-04 15:35:00-04:00,310.04998779296875
2026-08-04 15:40:00-04:00,310.2749938964844
2026-08-04 15:45:00-04:00,310.3757019042969
2026-08-04 15:50:00-04:00,309.6499938964844
2026-08-04 15:55:00-04:00,309.3900146484375
2026-08-05 09:30:00-04:00,308.6300048828125
2026-08-05 09:35:00-04:00,307.760009765625
2026-08-05 09:40:00-04:00,308.1600036621094
2026-08-05 09:45:00-04:00,307.2850036621094
2026-08-05 09:50:00-04:00,307.7701110839844
2026-08-05 09:55:00-04:00,308.0
2026-08-05 10:00:00-04:00,308.3299865722656
2026-08-05 10:05:00-04:00,307.67498779296875
2026-08-05 10:10:00-04:00,308.4198913574219
2026-08-05 10:15:00-04:00,308.28009033203125
2026-08-05 10:20:00-04:00,308.3349914550781
2026-08-05 10:25:00-04:00,306.7275085449219
2026-08-05 10:30:00-04:00,306.8299865722656
2026-08-05 10:35:00-04:00,307.5408935546875
2026-08-05 10:40:00-04:00,308.84991455078125
2026-08-05 10:45:00-04:00,309.9299011230469
2026-08-05 10:50:00-04:00,310.7099914550781
2026-08-05 10:55:00-04:00,311.32501220703125
2026-08-05 11:00:00-04:00,311.0350036621094
2026-08-05 11:05:00-04:00,311.5450134277344
2026-08-05 11:10:00-04:00,310.5199890136719
2026-08-05 11:15:00-04:00,309.8299865722656
2026-08-05 11:20:00-04:00,309.70001220703125
2026-08-05 11:25:00-04:00,308.5950012207031
2026-08-05 11:30:00-04:00,308.6499938964844
2026-08-05 11:35:00-04:00,308.41571044921875
2026-08-05 11:40:00-04:00,308.2650146484375
2026-08-05 11:45:00-04:00,308.04998779296875
2026-08-05 11:50:00-04:00,308.4049987792969
2026-08-05 11:55:00-04:00,307.9700012207031
2026-08-05 12:00:00-04:00,308.70001220703125
2026-08-05 12:05:00-04:00,309.20001220703125
2026-08-05 12:10:00-04:00,309.0950012207031
2026-08-05 12:15:00-04:00,308.92498779296875
2026-08-05 12:20:00-04:00,309.0299987792969
2026-08-05 12:25:00-04:00,308.639892578125
2026-08-05 12:30:00-04:00,308.92498779296875
2026-08-05 12:35:00-04:00,308.69000244140625
2026-08-05 12:40:00-04:00,309.2900085449219
2026-08-05 12:45:00-04:00,309.05999755859375
2026-08-05 12:50:00-04:00,309.05499267578125
2026-08-05 12:55:00-04:00,308.8299865722656
2026-08-05 13:00:00-04:00,309.0400085449219
2026-08-05 13:05:00-04:00,309.2699890136719
2026-08-05 13:10:00-04:00,309.7200012207031
2026-08-05 13:15:00-04:00,309.7699890136719
2026-08-05 13:20:00-04:00,309.80999755859375
2026-08-05 13:25:00-04:00,309.739990234375
2026-08-05 13:30:00-04:00,310.1449890136719
2026-08-05 13:35:00-04:00,309.760009765625
2026-08-05 13:40:00-04:00,309.625
2026-08-05 13:45:00-04:00,309.24200439453125
2026-08-05 13:50:00-04:00,309.1400146484375
2026-08-05 13:55:00-04:00,308.9200134277344
2026-08-05 14:00:00-04:00,308.7300109863281
2026-08-05 14:05:00-04:00,308.6499938964844
2026-08-05 14:10:00-04:00,308.510009765625
2026-08-05 14:15:00-04:00,308.614990234375
2026-08-05 14:20:00-04:00,308.3450012207031
2026-08-05 14:25:00-04:00,308.1900939941406
2026-08-05 14:30:00-04:00,308.32000732421875
2026-08-05 14:35:00-04:00,308.44989013671875
2026-08-05 14:40:00-04:00,308.6300048828125
2026-08-05 14:45:00-04:00,308.6910095214844
2026-08-05 14:50:00-04:00,309.0354919433594
2026-08-05 14:55:00-04:00,308.9599914550781
2026-08-05 15:00:00-04:00,308.7699890136719
2026-08-05 15:05:00-04:00,309.0350036621094
2026-08-05 15:10:00-04:00,308.9100036621094
2026-08-05 15:15:00-04:00,309.0
2026-08-05 15:20:00-04:00,309.8599853515625
2026-08-05 15:25:00-04:00,309.6200866699219
2026-08-05 15:30:00-04:00,309.989990234375
2026-08-05 15:35:00-04:00,309.67999267578125
2026-08-05 15:40:00-04:00,309.9049987792969
2026-08-05 15:45:00-04:00,310.1199951171875
2026-08-05 15:50:00-04:00,310.92999267578125
2026-08-05 15:55:00-04:00,310.9200134277344
2026-08-06 09:30:00-04:00,314.42999267578125
2026-08-06 09:35:00-04:00,313.94000244140625
2026-08-06 09:40:00-04:00,314.7699890136719
2026-08-06 09:45:00-04:00,315.489990234375
2026-08-06 09:50:00-04:00,316.010009765625
2026-08-06 09:55:00-04:00,314.7699890136719
2026-08-06 10:00:00-04:00,314.78448486328125
2026-08-06 10:05:00-04:00,313.6400146484375
2026-08-06 10:10:00-04:00,313.31781005859375
2026-08-06 10:15:00-04:00,312.5799865722656
2026-08-06 10:20:00-04:00,312.3999938964844
2026-08-06 10:25:00-04:00,312.8399963378906
2026-08-06 10:30:00-04:00,312.860107421875
2026-08-06 10:35:00-04:00,312.135009765625
2026-08-06 10:40:00-04:00,312.42498779296875
2026-08-06 10:45:00-04:00,312.82379150390625
2026-08-06 10:50:00-04:00,313.32000732421875
2026-08-06 10:55:00-04:00,313.3435974121094
2026-08-06 11:00:00-04:00,312.82000732421875
2026-08-06 11:05:00-04:00,312.6394958496094
2026-08-06 11:10:00-04:00,312.15289306640625
2026-08-06 11:15:00-04:00,310.7250061035156
2026-08-06 11:20:00-04:00,310.0400085449219
2026-08-06 11:25:00-04:00,310.1000061035156
2026-08-06 11:30:00-04:00,310.2149963378906
2026-08-06 11:35:00-04:00,310.20001220703125
2026-08-06 11:40:00-04:00,310.07000732421875
2026-08-06 11:45:00-04:00,310.0450134277344
2026-08-06 11:50:00-04:00,309.8699951171875
2026-08-06 11:55:00-04:00,309.5400085449219
2026-08-06 12:00:00-04:00,309.94500732421875
2026-08-06 12:05:00-04:00,309.8900146484375
2026-08-06 12:10:00-04:00,309.9800109863281
2026-08-06 12:15:00-04:00,310.4999084472656
2026-08-06 12:20:00-04:00,310.9599914550781
2026-08-06 12:25:00-04:00,311.1570129394531
2026-08-06 12:30:00-04:00,311.38238525390625
2026-08-06 12:35:00-04:00,311.6199951171875
2026-08-06 12:40:00-04:00,311.3599853515625
2026-08-06 12:45:00-04:00,311.5199890136719
2026-08-06 12:50:00-04:00,311.5299987792969
2026-08-06 12:55:00-04:00,311.6600036621094
2026-08-06 13:00:00-04:00,311.489990234375
2026-08-06 13:05:00-04:00,310.720703125
2026-08-06 13:10:00-04:00,310.885009765625
2026-08-06 13:15:00-04:00,311.1099853515625
2026-08-06 13:20:00-04:00,311.2449951171875
2026-08-06 13:25:00-04:00,311.2005920410156
2026-08-06 13:30:00-04:00,311.3940124511719
2026-08-06 13:35:00-04:00,311.3999938964844
2026-08-06 13:40:00-04:00,311.57000732421875
2026-08-06 13:45:00-04:00,311.5400085449219
2026-08-06 13:50:00-04:00,311.92999267578125
2026-08-06 13:55:00-04:00,312.1600036621094
2026-08-06 14:00:00-04:00,312.19989013671875
2026-08-06 14:05:00-04:00,312.0400085449219
2026-08-06 14:10:00-04:00,311.989990234375
2026-08-06 14:15:00-04:00,311.9599914550781
2026-08-06 14:20:00-04:00,312.17498779296875
2026-08-06 14:25:00-04:00,312.239990234375
2026-08-06 14:30:00-04:00,312.32501220703125
2026-08-06 14:35:00-04:00,311.95001220703125
2026-08-06 14:40:00-04:00,311.9880065917969
2026-08-06 14:45:00-04:00,312.13018798828125
2026-08-06 14:50:00-04:00,312.239990234375
2026-08-06 14:55:00-04:00,312.2699890136719
2026-08-06 15:00:00-04:00,312.3500061035156
2026-08-06 15:05:00-04:00,312.3900146484375
2026-08-06 15:10:00-04:00,312.42999267578125
2026-08-06 15:15:00-04:00,312.3800048828125
2026-08-06 15:20:00-04:00,312.6099853515625
2026-08-06 15:25:00-04:00,312.5799865722656
2026-08-06 15:30:00-04:00,312.739990234375
2026-08-06 15:35:00-04:00,312.6400146484375
2026-08-06 15:40:00-04:00,312.7950134277344
2026-08-06 15:45:00-04:00,312.4800109863281
2026-08-06 15:50:00-04:00,312.42999267578125
2026-08-06 15:55:00-04:00,312.45001220703125
2026-08-07 09:30:00-04:00,313.2001037597656
2026-08-07 09:35:00-04:00,312.2250061035156
2026-08-07 09:40:00-04:00,311.7799987792969
2026-08-07 09:45:00-04:00,311.260009765625
2026-08-07 09:50:00-04:00,311.79998779296875
2026-08-07 09:55:00-04:00,311.7349853515625
2026-08-07 10:00:00-04:00,312.2900085449219
2026-08-07 10:05:00-04:00,312.4200134277344
2026-08-07 10:10:00-04:00,312.1400146484375
2026-08-07 10:15:00-04:00,313.07000732421875
2026-08-07 10:20:00-04:00,314.0400085449219
2026-08-07 10:25:00-04:00,314.0799865722656
2026-08-07 10:30:00-04:00,314.260009765625
2026-08-07 10:35:00-04:00,314.2099914550781
2026-08-07 10:40:00-04:00,314.2799987792969
2026-08-07 10:45:00-04:00,314.07000732421875
2026-08-07 10:50:00-04:00,313.8999938964844
2026-08-07 10:55:00-04:00,314.3179931640625
2026-08-07 11:00:00-04:00,314.19500732421875
2026-08-07 11:05:00-04:00,313.8399963378906
2026-08-07 11:10:00-04:00,313.9442138671875
2026-08-07 11:15:00-04:00,313.1300048828125
2026-08-07 11:20:00-04:00,313.2200012207031
2026-08-07 11:25:00-04:00,313.3599853515625
2026-08-07 11:30:00-04:00,312.4949951171875
2026-08-07 11:35:00-04:00,312.6400146484375
2026-08-07 11:40:00-04:00,312.6000061035156
2026-08-07 11:45:00-04:00,312.2099914550781
2026-08-07 11:50:00-04:00,312.30999755859375
2026-08-07 11:55:00-04:00,312.1499938964844
2026-08-07 12:00:00-04:00,312.4200134277344
2026-08-07 12:05:00-04:00,311.75
2026-08-07 12:10:00-04:00,311.8208923339844
2026-08-07 12:15:00-04:00,311.8500061035156
2026-08-07 12:20:00-04:00,311.7001037597656
2026-08-07 12:25:00-04:00,311.69000244140625
2026-08-07 12:30:00-04:00,311.8900146484375
2026-08-07 12:35:00-04:00,312.07000732421875
2026-08-07 12:40:00-04:00,312.17498779296875
2026-08-07 12:45:00-04:00,312.3599853515625
2026-08-07 12:50:00-04:00,312.2200012207031
2026-08-07 12:55:00-04:00,312.2200012207031
2026-08-07 13:00:00-04:00,312.42498779296875
2026-08-07 13:05:00-04:00,312.3399963378906
2026-08-07 13:10:00-04:00,312.4700012207031
2026-08-07 13:15:00-04:00,312.602294921875
2026-08-07 13:20:00-04:00,312.827392578125
2026-08-07 13:25:00-04:00,312.739990234375
2026-08-07 13:30:00-04:00,312.7200012207031
2026-08-07 13:35:00-04:00,312.9800109863281
2026-08-07 13:40:00-04:00,312.9917907714844
2026-08-07 13:45:00-04:00,313.1199951171875
2026-08-07 13:50:00-04:00,313.0
2026-08-07 13:55:00-04:00,312.9800109863281
2026-08-07 14:00:00-04:00,312.7900085449219
2026-08-07 14:05:00-04:00,312.5
2026-08-07 14:10:00-04:00,312.3818054199219
2026-08-07 14:15:00-04:00,312.2699890136719
2026-08-07 14:20:00-04:00,312.1000061035156
2026-08-07 14:25:00-04:00,311.91900634765625
2026-08-07 14:30:00-04:00,311.82501220703125
2026-08-07 14:35:00-04:00,311.92999267578125
2026-08-07 14:40:00-04:00,311.8900146484375
2026-08-07 14:45:00-04:00,311.92498779296875
2026-08-07 14:50:00-04:00,312.159912109375
2026-08-07 14:55:00-04:00,312.42999267578125
2026-08-07 15:00:00-04:00,312.3949890136719
2026-08-07 15:05:00-04:00,312.7200012207031
2026-08-07 15:10:00-04:00,312.8550109863281
2026-08-07 15:15:00-04:00,312.8900146484375
2026-08-07 15:20:00-04:00,313.2200012207031
2026-08-07 15:25:00-04:00,313.2774963378906
2026-08-07 15:30:00-04:00,313.125
2026-08-07 15:35:00-04:00,313.2149963378906
2026-08-07 15:40:00-04:00,313.260009765625
2026-08-07 15:45:00-04:00,313.1050109863281
2026-08-07 15:50:00-04:00,313.2300109863281
2026-08-07 15:55:00-04:00,313.29998779296875
2026-08-10 09:30:00-04:00,306.6300048828125
2026-08-10 09:35:00-04:00,305.9049987792969
2026-08-10 09:40:00-04:00,305.864990234375
2026-08-10 09:45:00-04:00,306.8900146484375
2026-08-10 09:50:00-04:00,306.6000061035156
2026-08-10 09:55:00-04:00,307.04998779296875
2026-08-10 10:00:00-04:00,307.32501220703125
2026-08-10 10:05:00-04:00,306.4100036621094
2026-08-10 10:10:00-04:00,306.5299987792969
2026-08-10 10:15:00-04:00,307.05999755859375
2026-08-10 10:20:00-04:00,306.78009033203125
2026-08-10 10:25:00-04:00,306.8800048828125
2026-08-10 10:30:00-04:00,306.9100036621094
2026-08-10 10:35:00-04:00,306.6077880859375
2026-08-10 10:40:00-04:00,306.7449951171875
2026-08-10 10:45:00-04:00,306.4549865722656
2026-08-10 10:50:00-04:00,306.8465881347656
2026-08-10 10:55:00-04:00,307.125
2026-08-10 11:00:00-04:00,306.70001220703125
2026-08-10 11:05:00-04:00,306.6400146484375
2026-08-10 11:10:00-04:00,306.3900146484375
2026-08-10 11:15:00-04:00,306.6499938964844
2026-08-10 11:20:00-04:00,306.625
2026-08-10 11:25:00-04:00,306.5585021972656
2026-08-10 11:30:00-04:00,306.4049987792969
2026-08-10 11:35:00-04:00,306.5199890136719
2026-08-10 11:40:00-04:00,306.5450134277344
2026-08-10 11:45:00-04:00,306.6400146484375
2026-08-10 11:50:00-04:00,306.8949890136719
2026-08-10 11:55:00-04:00,307.17999267578125
2026-08-10 12:00:00-04:00,306.4949951171875
2026-08-10 12:05:00-04:00,306.037109375
2026-08-10 12:10:00-04:00,305.5450134277344
2026-08-10 12:15:00-04:00,305.6700134277344
2026-08-10 12:20:00-04:00,305.6300048828125
2026-08-10 12:25:00-04:00,305.5299987792969
2026-08-10 12:30:00-04:00,305.25
2026-08-10 12:35:00-04:00,305.4750061035156
2026-08-10 12:40:00-04:00,305.6357116699219
2026-08-10 12:45:00-04:00,305.8800048828125
2026-08-10 12:50:00-04:00,306.0685119628906
2026-08-10 12:55:00-04:00,306.2699890136719
2026-08-10 13:00:00-04:00,306.4901123046875
2026-08-10 13:05:00-04:00,306.614990234375
2026-08-10 13:10:00-04:00,306.4549865722656
2026-08-10 13:15:00-04:00,306.4150085449219
2026-08-10 13:20:00-04:00,306.6080017089844
2026-08-10 13:25:00-04:00,306.4700012207031
2026-08-10 13:30:00-04:00,306.5
2026-08-10 13:35:00-04:00,306.5799865722656
2026-08-10 13:40:00-04:00,306.7099914550781
2026-08-10 13:45:00-04:00,306.3576965332031
2026-08-10 13:50:00-04:00,306.260009765625
2026-08-10 13:55:00-04:00,306.7276916503906
2026-08-10 14:00:00-04:00,306.67999267578125
2026-08-10 14:05:00-04:00,306.70001220703125
2026-08-10 14:10:00-04:00,306.6300048828125
2026-08-10 14:15:00-04:00,306.6099853515625
2026-08-10 14:20:00-04:00,306.6000061035156
2026-08-10 14:25:00-04:00,306.7149963378906
2026-08-10 14:30:00-04:00,306.8299865722656
2026-08-10 14:35:00-04:00,306.6700134277344
2026-08-10 14:40:00-04:00,306.8299865722656
2026-08-10 14:45:00-04:00,306.82501220703125
2026-08-10 14:50:00-04:00,307.18499755859375
2026-08-10 14:55:00-04:00,307.0400085449219
2026-08-10 15:00:00-04:00,307.21240234375
2026-08-10 15:05:00-04:00,307.2250061035156
2026-08-10 15:10:00-04:00,307.43670654296875
2026-08-10 15:15:00-04:00,307.510009765625
2026-08-10 15:20:00-04:00,307.54998779296875
2026-08-10 15:25:00-04:00,307.2300109863281
2026-08-10 15:30:00-04:00,307.010009765625
2026-08-10 15:35:00-04:00,307.3399963378906
2026-08-10 15:40:00-04:00,307.2565002441406
2026-08-10 15:45:00-04:00,307.54730224609375
2026-08-10 15:50:00-04:00,306.9750061035156
2026-08-10 15:55:00-04:00,308.19000244140625
2026-08-11 09:30:00-04:00,308.2388000488281
2026-08-11 09:35:00-04:00,306.7200012207031
2026-08-11 09:40:00-04:00,306.4599914550781
2026-08-11 09:45:00-04:00,305.8919982910156
2026-08-11 09:50:00-04:00,306.1614990234375
2026-08-11 09:55:00-04:00,306.2900085449219
2026-08-11 10:00:00-04:00,306.510009765625
2026-08-11 10:05:00-04:00,306.5400085449219
2026-08-11 10:10:00-04:00,306.3599853515625
2026-08-11 10:15:00-04:00,306.4599914550781
2026-08-11 10:20:00-04:00,306.3800048828125
2026-08-11 10:25:00-04:00,306.19000244140625
2026-08-11 10:30:00-04:00,306.7049865722656
2026-08-11 10:35:00-04:00,306.79998779296875
2026-08-11 10:40:00-04:00,306.6700134277344
2026-08-11 10:45:00-04:00,306.55999755859375
2026-08-11 10:50:00-04:00,306.70001220703125
2026-08-11 10:55:00-04:00,306.5899963378906
2026-08-11 11:00:00-04:00,306.447998046875
2026-08-11 11:05:00-04:00,306.135009765625
2026-08-11 11:10:00-04:00,306.2149963378906
2026-08-11 11:15:00-04:00,306.3089904785156
2026-08-11 11:20:00-04:00,306.5899963378906
2026-08-11 11:25:00-04:00,306.7049865722656
2026-08-11 11:30:00-04:00,306.6499938964844
2026-08-11 11:35:00-04:00,306.69000244140625
2026-08-11 11:40:00-04:00,307.2349853515625
2026-08-11 11:45:00-04:00,307.4700012207031
2026-08-11 11:50:00-04:00,307.2550048828125
2026-08-11 11:55:00-04:00,307.25
2026-08-11 12:00:00-04:00,307.07989501953125
2026-08-11 12:05:00-04:00,307.06500244140625
2026-08-11 12:10:00-04:00,306.8099060058594
2026-08-11 12:15:00-04:00,306.9949951171875
2026-08-11 12:20:00-04:00,306.8599853515625
2026-08-11 12:25:00-04:00,306.55499267578125
2026-08-11 12:30:00-04:00,306.260009765625
2026-08-11 12:35:00-04:00,306.4700012207031
2026-08-11 12:40:00-04:00,305.8500061035156
2026-08-11 12:45:00-04:00,306.125
2026-08-11 12:50:00-04:00,306.3500061035156
2026-08-11 12:55:00-04:00,306.2391052246094
2026-08-11 13:00:00-04:00,306.110107421875
2026-08-11 13:05:00-04:00,306.239990234375
2026-08-11 13:10:00-04:00,306.0
2026-08-11 13:15:00-04:00,306.125
2026-08-11 13:20:00-04:00,306.2950134277344
2026-08-11 13:25:00-04:00,306.19000244140625
2026-08-11 13:30:00-04:00,306.260009765625
2026-08-11 13:35:00-04:00,306.4100036621094
2026-08-11 13:40:00-04:00,306.4049987792969
2026-08-11 13:45:00-04:00,306.0
2026-08-11 13:50:00-04:00,306.1700134277344
2026-08-11 13:55:00-04:00,306.0249938964844
2026-08-11 14:00:00-04:00,305.7699890136719
2026-08-11 14:05:00-04:00,305.2749938964844
2026-08-11 14:10:00-04:00,304.9599914550781
2026-08-11 14:15:00-04:00,304.8599853515625
2026-08-11 14:20:00-04:00,303.9800109863281
2026-08-11 14:25:00-04:00,303.29998779296875
2026-08-11 14:30:00-04:00,303.614990234375
2026-08-11 14:35:00-04:00,303.2099914550781
2026-08-11 14:40:00-04:00,303.4601135253906
2026-08-11 14:45:00-04:00,303.56500244140625
2026-08-11 14:50:00-04:00,304.4049987792969
2026-08-11 14:55:00-04:00,304.3450012207031
2026-08-11 15:00:00-04:00,304.2099914550781
2026-08-11 15:05:00-04:00,304.489990234375
2026-08-11 15:10:00-04:00,304.7449951171875
2026-08-11 15:15:00-04:00,304.8689880371094
2026-08-11 15:20:00-04:00,304.9010925292969
2026-08-11 15:25:00-04:00,305.1600036621094
2026-08-11 15:30:00-04:00,304.4849853515625
2026-08-11 15:35:00-04:00,304.6700134277344
2026-08-11 15:40:00-04:00,304.6199951171875
2026-08-11 15:45:00-04:00,304.4700012207031
2026-08-11 15:50:00-04:00,304.9049987792969
2026-08-11 15:55:00-04:00,304.8999938964844
2026-08-12 09:30:00-04:00,303.0299987792969
2026-08-12 09:35:00-04:00,303.5360107421875
2026-08-12 09:40:00-04:00,303.3699951171875
2026-08-12 09:45:00-04:00,302.97491455078125
2026-08-12 09:50:00-04:00,303.0950012207031
2026-08-12 09:55:00-04:00,303.3699951171875
2026-08-12 10:00:00-04:00,303.5899963378906
2026-08-12 10:05:00-04:00,303.1600036621094
2026-08-12 10:10:00-04:00,302.4750061035156
2026-08-12 10:15:00-04:00,302.3349914550781
2026-08-12 10:20:00-04:00,302.6300048828125
2026-08-12 10:25:00-04:00,302.3450012207031
2026-08-12 10:30:00-04:00,302.67498779296875
2026-08-12 10:35:00-04:00,302.69000244140625
2026-08-12 10:40:00-04:00,302.94000244140625
2026-08-12 10:45:00-04:00,302.4049987792969
2026-08-12 10:50:00-04:00,302.79998779296875
2026-08-12 10:55:00-04:00,302.42999267578125
2026-08-12 11:00:00-04:00,302.2300109863281
2026-08-12 11:05:00-04:00,302.3334045410156
2026-08-12 11:10:00-04:00,301.7149963378906
2026-08-12 11:15:00-04:00,301.647705078125
2026-08-12 11:20:00-04:00,301.0409851074219
2026-08-12 11:25:00-04:00,301.0799865722656
2026-08-12 11:30:00-04:00,300.9494934082031
2026-08-12 11:35:00-04:00,300.9800109863281
2026-08-12 11:40:00-04:00,300.8450012207031
2026-08-12 11:45:00-04:00,300.9649963378906
2026-08-12 11:50:00-04:00,300.9100036621094
2026-08-12 11:55:00-04:00,301.1700134277344
2026-08-12 12:00:00-04:00,301.1549987792969
2026-08-12 12:05:00-04:00,301.55999755859375
2026-08-12 12:10:00-04:00,301.7749938964844
2026-08-12 12:15:00-04:00,301.45001220703125
2026-08-12 12:20:00-04:00,301.4599914550781
2026-08-12 12:25:00-04:00,301.510009765625
2026-08-12 12:30:00-04:00,301.53009033203125
2026-08-12 12:35:00-04:00,301.7200012207031
2026-08-12 12:40:00-04:00,301.8999938964844
2026-08-12 12:45:00-04:00,301.739013671875
2026-08-12 12:50:00-04:00,302.07000732421875
2026-08-12 12:55:00-04:00,302.1600036621094
2026-08-12 13:00:00-04:00,302.19000244140625
2026-08-12 13:05:00-04:00,302.30499267578125
2026-08-12 13:10:00-04:00,302.44000244140625
2026-08-12 13:15:00-04:00,302.1499938964844
2026-08-12 13:20:00-04:00,302.4294128417969
2026-08-12 13:25:00-04:00,302.16009521484375
2026-08-12 13:30:00-04:00,302.17999267578125
2026-08-12 13:35:00-04:00,302.1199951171875
2026-08-12 13:40:00-04:00,301.7900085449219
2026-08-12 13:45:00-04:00,301.5799865722656
2026-08-12 13:50:00-04:00,301.4570007324219
2026-08-12 13:55:00-04:00,301.5050048828125
2026-08-12 14:00:00-04:00,301.58990478515625
2026-08-12 14:05:00-04:00,301.5799865722656
2026-08-12 14:10:00-04:00,301.57000732421875
2026-08-12 14:15:00-04:00,301.3900146484375
2026-08-12 14:20:00-04:00,301.239990234375
2026-08-12 14:25:00-04:00,301.125
2026-08-12 14:30:00-04:00,301.2449951171875
2026-08-12 14:35:00-04:00,301.1199951171875
2026-08-12 14:40:00-04:00,301.42498779296875
2026-08-12 14:45:00-04:00,301.69000244140625
2026-08-12 14:50:00-04:00,301.57501220703125
2026-08-12 14:55:00-04:00,301.4100036621094
2026-08-12 15:00:00-04:00,301.4100036621094
2026-08-12 15:05:00-04:00,301.2799987792969
2026-08-12 15:10:00-04:00,301.2699890136719
2026-08-12 15:15:00-04:00,301.2799987792969
2026-08-12 15:20:00-04:00,301.3699951171875
2026-08-12 15:25:00-04:00,301.67999267578125
2026-08-12 15:30:00-04:00,301.8949890136719
2026-08-12 15:35:00-04:00,301.6000061035156
2026-08-12 15:40:00-04:00,301.5950012207031
2026-08-12 15:45:00-04:00,301.55999755859375
2026-08-12 15:50:00-04:00,301.3699951171875
2026-08-12 15:55:00-04:00,302.2250061035156
2026-08-13 09:30:00-04:00,303.8900146484375
2026-08-13 09:35:00-04:00,304.5050048828125
2026-08-13 09:40:00-04:00,303.4314880371094
2026-08-13 09:45:00-04:00,303.7300109863281
2026-08-13 09:50:00-04:00,304.29998779296875
2026-08-13 09:55:00-04:00,304.5801086425781
2026-08-13 10:00:00-04:00,304.42498779296875
2026-08-13 10:05:00-04:00,304.8399963378906
2026-08-13 10:10:00-04:00,305.4801025390625
2026-08-13 10:15:00-04:00,304.5299987792969
2026-08-13 10:20:00-04:00,304.625
2026-08-13 10:25:00-04:00,305.6449890136719
2026-08-13 10:30:00-04:00,305.1199951171875
2026-08-13 10:35:00-04:00,305.20001220703125
2026-08-13 10:40:00-04:00,304.9800109863281
2026-08-13 10:45:00-04:00,304.5799865722656
2026-08-13 10:50:00-04:00,304.885009765625
2026-08-13 10:55:00-04:00,305.1050109863281
2026-08-13 11:00:00-04:00,304.9100036621094
2026-08-13 11:05:00-04:00,304.20001220703125
2026-08-13 11:10:00-04:00,304.239990234375
2026-08-13 11:15:00-04:00,304.18011474609375
2026-08-13 11:20:00-04:00,304.1499938964844
2026-08-13 11:25:00-04:00,303.7200012207031
2026-08-13 11:30:00-04:00,303.7699890136719
2026-08-13 11:35:00-04:00,303.4949951171875
2026-08-13 11:40:00-04:00,303.44500732421875
2026-08-13 11:45:00-04:00,303.3689880371094
2026-08-13 11:50:00-04:00,303.31500244140625
2026-08-13 11:55:00-04:00,302.7879943847656
2026-08-13 12:00:00-04:00,302.68499755859375
2026-08-13 12:05:00-04:00,303.2149963378906
2026-08-13 12:10:00-04:00,303.4150085449219
2026-08-13 12:15:00-04:00,303.6099853515625
2026-08-13 12:20:00-04:00,303.5199890136719
2026-08-13 12:25:00-04:00,303.42999267578125
2026-08-13 12:30:00-04:00,303.2049865722656
2026-08-13 12:35:00-04:00,303.2099914550781
2026-08-13 12:40:00-04:00,303.2349853515625
2026-08-13 12:45:00-04:00,303.7300109863281
2026-08-13 12:50:00-04:00,303.5249938964844
2026-08-13 12:55:00-04:00,303.0299987792969
2026-08-13 13:00:00-04:00,303.0
2026-08-13 13:05:00-04:00,303.05999755859375
2026-08-13 13:10:00-04:00,303.0899963378906
2026-08-13 13:15:00-04:00,303.0350036621094
2026-08-13 13:20:00-04:00,303.1600036621094
2026-08-13 13:25:00-04:00,303.3399963378906
2026-08-13 13:30:00-04:00,303.2349853515625
2026-08-13 13:35:00-04:00,303.67999267578125
2026-08-13 13:40:00-04:00,303.5400085449219
2026-08-13 13:45:00-04:00,303.68499755859375
2026-08-13 13:50:00-04:00,303.42498779296875
2026-08-13 13:55:00-04:00,303.43499755859375
2026-08-13 14:00:00-04:00,303.0
2026-08-13 14:05:00-04:00,303.04998779296875
2026-08-13 14:10:00-04:00,303.4200134277344
2026-08-13 14:15:00-04:00,303.45001220703125
2026-08-13 14:20:00-04:00,303.43011474609375
2026-08-13 14:25:00-04:00,303.30999755859375
2026-08-13 14:30:00-04:00,303.4399108886719
2026-08-13 14:35:00-04:00,303.2300109863281
2026-08-13 14:40:00-04:00,303.80499267578125
2026-08-13 14:45:00-04:00,303.6400146484375
2026-08-13 14:50:00-04:00,303.375
2026-08-13 14:55:00-04:00,303.17999267578125
2026-08-13 15:00:00-04:00,303.3299865722656
2026-08-13 15:05:00-04:00,303.2149963378906
2026-08-13 15:10:00-04:00,303.5
2026-08-13 15:15:00-04:00,303.8699951171875
2026-08-13 15:20:00-04:00,304.0899963378906
2026-08-13 15:25:00-04:00,304.3999938964844
2026-08-13 15:30:00-04:00,304.5849914550781
2026-08-13 15:35:00-04:00,304.2200012207031
2026-08-13 15:40:00-04:00,304.1000061035156
2026-08-13 15:45:00-04:00,304.7900085449219
2026-08-13 15:50:00-04:00,305.2099914550781
2026-08-13 15:55:00-04:00,305.32000732421875
2026-08-14 09:30:00-04:00,307.3599853515625
2026-08-14 09:35:00-04:00,307.0249938964844
2026-08-14 09:40:00-04:00,306.2300109863281
2026-08-14 09:45:00-04:00,306.6351013183594
2026-08-14 09:50:00-04:00,306.1199951171875
2026-08-14 09:55:00-04:00,306.1000061035156
2026-08-14 10:00:00-04:00,305.989990234375
2026-08-14 10:05:00-04:00,305.94500732421875
2026-08-14 10:10:00-04:00,305.7298889160156
2026-08-14 10:15:00-04:00,305.6600036621094
2026-08-14 10:20:00-04:00,305.30499267578125
2026-08-14 10:25:00-04:00,304.989990234375
2026-08-14 10:30:00-04:00,304.9200134277344
2026-08-14 10:35:00-04:00,305.19219970703125
2026-08-14 10:40:00-04:00,304.9100036621094
2026-08-14 10:45:00-04:00,305.260009765625
2026-08-14 10:50:00-04:00,305.04998779296875
2026-08-14 10:55:00-04:00,305.1600036621094
2026-08-14 11:00:00-04:00,305.093994140625
2026-08-14 11:05:00-04:00,304.3500061035156
2026-08-14 11:10:00-04:00,304.7200012207031
2026-08-14 11:15:00-04:00,305.1650085449219
2026-08-14 11:20:00-04:00,305.75
2026-08-14 11:25:00-04:00,305.53289794921875
2026-08-14 11:30:00-04:00,305.7749938964844
2026-08-14 11:35:00-04:00,305.7900085449219
2026-08-14 11:40:00-04:00,305.7250061035156
2026-08-14 11:45:00-04:00,305.6700134277344
2026-08-14 11:50:00-04:00,305.67498779296875
2026-08-14 11:55:00-04:00,305.6650085449219
2026-08-14 12:00:00-04:00,305.57000732421875
2026-08-14 12:05:00-04:00,305.3299865722656
2026-08-14 12:10:00-04:00,305.25
2026-08-14 12:15:00-04:00,305.0799865722656
2026-08-14 12:20:00-04:00,305.1300964355469
2026-08-14 12:25:00-04:00,305.44500732421875
2026-08-14 12:30:00-04:00,305.2850036621094
2026-08-14 12:35:00-04:00,305.4100036621094
2026-08-14 12:40:00-04:00,305.32000732421875
2026-08-14 12:45:00-04:00,305.3299865722656
2026-08-14 12:50:00-04:00,305.2101135253906
2026-08-14 12:55:00-04:00,305.42999267578125
2026-08-14 13:00:00-04:00,305.3302001953125
2026-08-14 13:05:00-04:00,305.29998779296875
2026-08-14 13:10:00-04:00,305.4800109863281
2026-08-14 13:15:00-04:00,305.3699035644531
2026-08-14 13:20:00-04:00,305.1994934082031
2026-08-14 13:25:00-04:00,305.19439697265625
2026-08-14 13:30:00-04:00,305.19500732421875
2026-08-14 13:35:00-04:00,305.44000244140625
2026-08-14 13:40:00-04:00,305.40008544921875
2026-08-14 13:45:00-04:00,306.07000732421875
2026-08-14 13:50:00-04:00,306.0050048828125
2026-08-14 13:55:00-04:00,306.04998779296875
2026-08-14 14:00:00-04:00,305.840087890625
2026-08-14 14:05:00-04:00,305.8800048828125
2026-08-14 14:10:00-04:00,306.1199951171875
2026-08-14 14:15:00-04:00,306.1600036621094
2026-08-14 14:20:00-04:00,306.1877136230469
2026-08-14 14:25:00-04:00,305.97900390625
2026-08-14 14:30:00-04:00,306.102294921875
2026-08-14 14:35:00-04:00,305.875
2026-08-14 14:40:00-04:00,305.7200012207031
2026-08-14 14:45:00-04:00,305.7799987792969
2026-08-14 14:50:00-04:00,305.8301086425781
2026-08-14 14:55:00-04:00,305.5799865722656
2026-08-14 15:00:00-04:00,305.57501220703125
2026-08-14 15:05:00-04:00,305.4750061035156
2026-08-14 15:10:00-04:00,305.45001220703125
2026-08-14 15:15:00-04:00,305.6600036621094
2026-08-14 15:20:00-04:00,305.56988525390625
2026-08-14 15:25:00-04:00,305.94500732421875
2026-08-14 15:30:00-04:00,305.9100036621094
2026-08-14 15:35:00-04:00,305.6300048828125
2026-08-14 15:40:00-04:00,305.57000732421875
2026-08-14 15:45:00-04:00,305.80999755859375
2026-08-14 15:50:00-04:00,305.9649963378906
2026-08-14 15:55:00-04:00,305.95001220703125
2026-08-17 09:30:00-04:00,305.760009765625
2026-08-17 09:35:00-04:00,305.260009765625
2026-08-17 09:40:00-04:00,305.15008544921875
2026-08-17 09:45:00-04:00,306.0400085449219
2026-08-17 09:50:00-04:00,305.4549865722656
2026-08-17 09:55:00-04:00,305.44000244140625
2026-08-17 10:00:00-04:00,305.0893859863281
2026-08-17 10:05:00-04:00,304.7300109863281
2026-08-17 10:10:00-04:00,304.8999938964844
2026-08-17 10:15:00-04:00,304.8500061035156
2026-08-17 10:20:00-04:00,304.7799987792969
2026-08-17 10:25:00-04:00,304.4949951171875
2026-08-17 10:30:00-04:00,304.2300109863281
2026-08-17 10:35:00-04:00,304.32000732421875
2026-08-17 10:40:00-04:00,304.55999755859375
2026-08-17 10:45:00-04:00,304.18499755859375
2026-08-17 10:50:00-04:00,303.80999755859375
2026-08-17 10:55:00-04:00,304.1300048828125
2026-08-17 11:00:00-04:00,304.0589904785156
2026-08-17 11:05:00-04:00,304.3900146484375
2026-08-17 11:10:00-04:00,304.6600036621094
2026-08-17 11:15:00-04:00,304.80999755859375
2026-08-17 11:20:00-04:00,304.6050109863281
2026-08-17 11:25:00-04:00,304.5350036621094
2026-08-17 11:30:00-04:00,304.25
2026-08-17 11:35:00-04:00,303.7699890136719
2026-08-17 11:40:00-04:00,303.30499267578125
2026-08-17 11:45:00-04:00,303.0899963378906
2026-08-17 11:50:00-04:00,303.1611022949219
2026-08-17 11:55:00-04:00,303.19000244140625
2026-08-17 12:00:00-04:00,303.2300109863281
2026-08-17 12:05:00-04:00,303.2250061035156
2026-08-17 12:10:00-04:00,303.55999755859375
2026-08-17 12:15:00-04:00,303.6400146484375
2026-08-17 12:20:00-04:00,303.65509033203125
2026-08-17 12:25:00-04:00,303.55499267578125
2026-08-17 12:30:00-04:00,303.96148681640625
2026-08-17 12:35:00-04:00,303.9200134277344
2026-08-17 12:40:00-04:00,303.76800537109375
2026-08-17 12:45:00-04:00,303.7300109863281
2026-08-17 12:50:00-04:00,303.42999267578125
2026-08-17 12:55:00-04:00,303.0400085449219
2026-08-17 13:00:00-04:00,303.4599914550781
2026-08-17 13:05:00-04:00,303.7950134277344
2026-08-17 13:10:00-04:00,303.8699951171875
2026-08-17 13:15:00-04:00,304.25
2026-08-17 13:20:00-04:00,304.1449890136719
2026-08-17 13:25:00-04:00,304.4150085449219
2026-08-17 13:30:00-04:00,304.45001220703125
2026-08-17 13:35:00-04:00,304.239990234375
2026-08-17 13:40:00-04:00,304.5350036621094
2026-08-17 13:45:00-04:00,304.55999755859375
2026-08-17 13:50:00-04:00,304.3351135253906
2026-08-17 13:55:00-04:00,304.30499267578125
2026-08-17 14:00:00-04:00,304.0450134277344
2026-08-17 14:05:00-04:00,304.25
2026-08-17 14:10:00-04:00,304.5899963378906
2026-08-17 14:15:00-04:00,304.69000244140625
2026-08-17 14:20:00-04:00,304.92999267578125
2026-08-17 14:25:00-04:00,304.7049865722656
2026-08-17 14:30:00-04:00,304.7349853515625
2026-08-17 14:35:00-04:00,305.1199951171875
2026-08-17 14:40:00-04:00,305.5201110839844
2026-08-17 14:45:00-04:00,305.7449951171875
2026-08-17 14:50:00-04:00,305.5315856933594
2026-08-17 14:55:00-04:00,305.67999267578125
2026-08-17 15:00:00-04:00,305.69000244140625
2026-08-17 15:05:00-04:00,305.7300109863281
2026-08-17 15:10:00-04:00,305.81500244140625
2026-08-17 15:15:00-04:00,305.82000732421875
2026-08-17 15:20:00-04:00,305.864990234375
2026-08-17 15:25:00-04:00,306.1449890136719
2026-08-17 15:30:00-04:00,306.07000732421875
2026-08-17 15:35:00-04:00,305.760009765625
2026-08-17 15:40:00-04:00,305.6199951171875
2026-08-17 15:45:00-04:00,305.739990234375
2026-08-17 15:50:00-04:00,305.510009765625
2026-08-17 15:55:00-04:00,305.69000244140625
2026-08-18 09:30:00-04:00,306.20001220703125
2026-08-18 09:35:00-04:00,306.30999755859375
2026-08-18 09:40:00-04:00,306.9700927734375
2026-08-18 09:45:00-04:00,306.2799987792969
2026-08-18 09:50:00-04:00,306.489990234375
2026-08-18 09:55:00-04:00,307.2900085449219
2026-08-18 10:00:00-04:00,309.010009765625
2026-08-18 10:05:00-04:00,309.760009765625
2026-08-18 10:10:00-04:00,309.92498779296875
2026-08-18 10:15:00-04:00,309.4849853515625
2026-08-18 10:20:00-04:00,309.19000244140625
2026-08-18 10:25:00-04:00,309.659912109375
2026-08-18 10:30:00-04:00,310.9150085449219
2026-08-18 10:35:00-04:00,311.17999267578125
2026-08-18 10:40:00-04:00,310.7699890136719
2026-08-18 10:45:00-04:00,310.9949951171875
2026-08-18 10:50:00-04:00,310.5
2026-08-18 10:55:00-04:00,310.3949890136719
2026-08-18 11:00:00-04:00,310.54998779296875
2026-08-18 11:05:00-04:00,310.92999267578125
2026-08-18 11:10:00-04:00,310.510009765625
2026-08-18 11:15:00-04:00,310.6700134277344
2026-08-18 11:20:00-04:00,310.19989013671875
2026-08-18 11:25:00-04:00,310.42999267578125
2026-08-18 11:30:00-04:00,310.05499267578125
2026-08-18 11:35:00-04:00,310.32000732421875
2026-08-18 11:40:00-04:00,309.8763122558594
2026-08-18 11:45:00-04:00,309.6300048828125
2026-08-18 11:50:00-04:00,309.5249938964844
2026-08-18 11:55:00-04:00,309.5400085449219
2026-08-18 12:00:00-04:00,309.4501037597656
2026-08-18 12:05:00-04:00,309.8349914550781
2026-08-18 12:10:00-04:00,310.25
2026-08-18 12:15:00-04:00,310.2099914550781
2026-08-18 12:20:00-04:00,310.2301025390625
2026-08-18 12:25:00-04:00,310.614990234375
2026-08-18 12:30:00-04:00,310.6300048828125
2026-08-18 12:35:00-04:00,310.3900146484375
2026-08-18 12:40:00-04:00,310.4599914550781
2026-08-18 12:45:00-04:00,310.3349914550781
2026-08-18 12:50:00-04:00,310.4200134277344
2026-08-18 12:55:00-04:00,310.75
2026-08-18 13:00:00-04:00,310.6499938964844
2026-08-18 13:05:00-04:00,310.7349853515625
2026-08-18 13:10:00-04:00,310.57000732421875
2026-08-18 13:15:00-04:00,310.6499938964844
2026-08-18 13:20:00-04:00,310.7002868652344
2026-08-18 13:25:00-04:00,310.3999938964844
2026-08-18 13:30:00-04:00,310.1000061035156
2026-08-18 13:35:00-04:00,310.1300048828125
2026-08-18 13:40:00-04:00,310.0400085449219
2026-08-18 13:45:00-04:00,310.114990234375
2026-08-18 13:50:00-04:00,310.17999267578125
2026-08-18 13:55:00-04:00,310.1300048828125
2026-08-18 14:00:00-04:00,310.010009765625
2026-08-18 14:05:00-04:00,310.29998779296875
2026-08-18 14:10:00-04:00,310.5
2026-08-18 14:15:00-04:00,310.42498779296875
2026-08-18 14:20:00-04:00,310.5400085449219
2026-08-18 14:25:00-04:00,310.627685546875
2026-08-18 14:30:00-04:00,310.4800109863281
2026-08-18 14:35:00-04:00,310.45001220703125
2026-08-18 14:40:00-04:00,311.05999755859375
2026-08-18 14:45:00-04:00,310.8599853515625
2026-08-18 14:50:00-04:00,310.55499267578125
2026-08-18 14:55:00-04:00,310.3699951171875
2026-08-18 15:00:00-04:00,310.1700134277344
2026-08-18 15:05:00-04:00,309.8299865722656
2026-08-18 15:10:00-04:00,309.6700134277344
2026-08-18 15:15:00-04:00,309.5299987792969
2026-08-18 15:20:00-04:00,309.92498779296875
2026-08-18 15:25:00-04:00,309.7099914550781
2026-08-18 15:30:00-04:00,309.885009765625
2026-08-18 15:35:00-04:00,310.06500244140625
2026-08-18 15:40:00-04:00,310.45001220703125
2026-08-18 15:45:00-04:00,310.57000732421875
2026-08-18 15:50:00-04:00,310.489990234375
2026-08-18 15:55:00-04:00,310.20001220703125
2026-08-19 09:30:00-04:00,310.7250061035156
2026-08-19 09:35:00-04:00,312.260009765625
2026-08-19 09:40:00-04:00,311.7049865722656
2026-08-19 09:45:00-04:00,312.9549865722656
2026-08-19 09:50:00-04:00,315.44000244140625
2026-08-19 09:55:00-04:00,316.364990234375
2026-08-19 10:00:00-04:00,317.19000244140625
2026-08-19 10:05:00-04:00,316.43499755859375
2026-08-19 10:10:00-04:00,317.1300048828125
2026-08-19 10:15:00-04:00,317.6050109863281
2026-08-19 10:20:00-04:00,316.010009765625
2026-08-19 10:25:00-04:00,316.010009765625
2026-08-19 10:30:00-04:00,316.7500915527344
2026-08-19 10:35:00-04:00,316.2799987792969
2026-08-19 10:40:00-04:00,315.8800048828125
2026-08-19 10:45:00-04:00,316.625
2026-08-19 10:50:00-04:00,317.6300048828125
2026-08-19 10:55:00-04:00,317.868896484375
2026-08-19 11:00:00-04:00,318.8323059082031
2026-08-19 11:05:00-04:00,318.5350036621094
2026-08-19 11:10:00-04:00,318.79998779296875
2026-08-19 11:15:00-04:00,318.80999755859375
2026-08-19 11:20:00-04:00,318.4949951171875
2026-08-19 11:25:00-04:00,318.17999267578125
2026-08-19 11:30:00-04:00,317.44049072265625
2026-08-19 11:35:00-04:00,317.010009765625
2026-08-19 11:40:00-04:00,316.42999267578125
2026-08-19 11:45:00-04:00,316.7200012207031
2026-08-19 11:50:00-04:00,316.3599853515625
2026-08-19 11:55:00-04:00,316.2950134277344
2026-08-19 12:00:00-04:00,316.7676086425781
2026-08-19 12:05:00-04:00,316.94000244140625
2026-08-19 12:10:00-04:00,317.25
2026-08-19 12:15:00-04:00,317.2200012207031
2026-08-19 12:20:00-04:00,316.989990234375
2026-08-19 12:25:00-04:00,316.55999755859375
2026-08-19 12:30:00-04:00,316.260009765625
2026-08-19 12:35:00-04:00,315.3500061035156
2026-08-19 12:40:00-04:00,315.260009765625
2026-08-19 12:45:00-04:00,315.07000732421875
2026-08-19 12:50:00-04:00,314.8999938964844
2026-08-19 12:55:00-04:00,315.0950012207031
2026-08-19 13:00:00-04:00,314.9599914550781
2026-08-19 13:05:00-04:00,314.5299987792969
2026-08-19 13:10:00-04:00,314.8699951171875
2026-08-19 13:15:00-04:00,314.8673095703125
2026-08-19 13:20:00-04:00,315.010009765625
2026-08-19 13:25:00-04:00,315.05999755859375
2026-08-19 13:30:00-04:00,315.260009765625
2026-08-19 13:35:00-04:00,315.5050048828125
2026-08-19 13:40:00-04:00,315.3599853515625
2026-08-19 13:45:00-04:00,315.3299865722656
2026-08-19 13:50:00-04:00,315.26141357421875
2026-08-19 13:55:00-04:00,315.20269775390625
2026-08-19 14:00:00-04:00,315.6499938964844
2026-08-19 14:05:00-04:00,315.04998779296875
2026-08-19 14:10:00-04:00,315.45001220703125
2026-08-19 14:15:00-04:00,315.010009765625
2026-08-19 14:20:00-04:00,315.04998779296875
2026-08-19 14:25:00-04:00,314.8399963378906
2026-08-19 14:30:00-04:00,314.5299987792969
2026-08-19 14:35:00-04:00,314.8450012207031
2026-08-19 14:40:00-04:00,314.8550109863281
2026-08-19 14:45:00-04:00,315.2049865722656
2026-08-19 14:50:00-04:00,315.0299987792969
2026-08-19 14:55:00-04:00,314.8699951171875
2026-08-19 15:00:00-04:00,315.20001220703125
2026-08-19 15:05:00-04:00,315.79998779296875
2026-08-19 15:10:00-04:00,315.82000732421875
2026-08-19 15:15:00-04:00,316.3500061035156
2026-08-19 15:20:00-04:00,316.2449951171875
2026-08-19 15:25:00-04:00,316.67840576171875
2026-08-19 15:30:00-04:00,316.55999755859375
2026-08-19 15:35:00-04:00,315.6400146484375
2026-08-19 15:40:00-04:00,315.6600036621094
2026-08-19 15:45:00-04:00,315.6499938964844
2026-08-19 15:50:00-04:00,316.4200134277344
2026-08-19 15:55:00-04:00,316.8800048828125
2026-08-20 09:30:00-04:00,318.7349853515625
2026-08-20 09:35:00-04:00,317.614990234375
2026-08-20 09:40:00-04:00,318.44000244140625
2026-08-20 09:45:00-04:00,317.41241455078125
2026-08-20 09:50:00-04:00,318.1495056152344
2026-08-20 09:55:00-04:00,317.2799072265625
2026-08-20 10:00:00-04:00,317.125
2026-08-20 10:05:00-04:00,316.45001220703125
2026-08-20 10:10:00-04:00,316.68499755859375
2026-08-20 10:15:00-04:00,316.79998779296875
2026-08-20 10:20:00-04:00,316.62890625
2026-08-20 10:25:00-04:00,316.4700012207031
2026-08-20 10:30:00-04:00,316.32000732421875
2026-08-20 10:35:00-04:00,316.4849853515625
2026-08-20 10:40:00-04:00,316.3500061035156
2026-08-20 10:45:00-04:00,316.6029052734375
2026-08-20 10:50:00-04:00,317.03009033203125
2026-08-20 10:55:00-04:00,317.4200134277344
2026-08-20 11:00:00-04:00,317.70001220703125
2026-08-20 11:05:00-04:00,316.8699951171875
2026-08-20 11:10:00-04:00,316.5
2026-08-20 11:15:00-04:00,316.3399963378906
2026-08-20 11:20:00-04:00,316.55999755859375
2026-08-20 11:25:00-04:00,317.2200012207031
2026-08-20 11:30:00-04:00,316.6300048828125
2026-08-20 11:35:00-04:00,316.4100036621094
2026-08-20 11:40:00-04:00,316.5299987792969
2026-08-20 11:45:00-04:00,316.2099914550781
2026-08-20 11:50:00-04:00,316.4551086425781
2026-08-20 11:55:00-04:00,316.9100036621094
2026-08-20 12:00:00-04:00,316.7799987792969
2026-08-20 12:05:00-04:00,316.7650146484375
2026-08-20 12:10:00-04:00,316.239990234375
2026-08-20 12:15:00-04:00,316.347412109375
2026-08-20 12:20:00-04:00,316.7099914550781
2026-08-20 12:25:00-04:00,316.4649963378906
2026-08-20 12:30:00-04:00,317.0799865722656
2026-08-20 12:35:00-04:00,316.9747009277344
2026-08-20 12:40:00-04:00,317.44000244140625
2026-08-20 12:45:00-04:00,316.9800109863281
2026-08-20 12:50:00-04:00,317.04998779296875
2026-08-20 12:55:00-04:00,317.2099914550781
2026-08-20 13:00:00-04:00,317.2300109863281
2026-08-20 13:05:00-04:00,317.3500061035156
2026-08-20 13:10:00-04:00,317.2799987792969
2026-08-20 13:15:00-04:00,317.0517883300781
2026-08-20 13:20:00-04:00,316.9599914550781
2026-08-20 13:25:00-04:00,316.6700134277344
2026-08-20 13:30:00-04:00,316.6252136230469
2026-08-20 13:35:00-04:00,316.6199951171875
2026-08-20 13:40:00-04:00,316.6000061035156
2026-08-20 13:45:00-04:00,316.3599853515625
2026-08-20 13:50:00-04:00,316.57000732421875
2026-08-20 13:55:00-04:00,316.32000732421875
2026-08-20 14:00:00-04:00,316.1050109863281
2026-08-20 14:05:00-04:00,315.306884765625
2026-08-20 14:10:00-04:00,315.45001220703125
2026-08-20 14:15:00-04:00,315.6050109863281
2026-08-20 14:20:00-04:00,315.2099914550781
2026-08-20 14:25:00-04:00,314.8399963378906
2026-08-20 14:30:00-04:00,315.36090087890625
2026-08-20 14:35:00-04:00,315.5299987792969
2026-08-20 14:40:00-04:00,315.6300964355469
2026-08-20 14:45:00-04:00,315.17999267578125
2026-08-20 14:50:00-04:00,315.5350036621094
2026-08-20 14:55:00-04:00,315.1278991699219
2026-08-20 15:00:00-04:00,315.0050048828125
2026-08-20 15:05:00-04:00,314.8999938964844
2026-08-20 15:10:00-04:00,314.5599060058594
2026-08-20 15:15:00-04:00,314.0400085449219
2026-08-20 15:20:00-04:00,313.8797912597656
2026-08-20 15:25:00-04:00,313.3699951171875
2026-08-20 15:30:00-04:00,313.3999938964844
2026-08-20 15:35:00-04:00,313.44000244140625
2026-08-20 15:40:00-04:00,312.9599914550781
2026-08-20 15:45:00-04:00,312.6700134277344
2026-08-20 15:50:00-04:00,311.92999267578125
2026-08-20 15:55:00-04:00,311.3399963378906
2026-08-21 09:30:00-04:00,308.0899963378906
2026-08-21 09:35:00-04:00,308.1910095214844
2026-08-21 09:40:00-04:00,308.1199951171875
2026-08-21 09:45:00-04:00,307.4295959472656
2026-08-21 09:50:00-04:00,307.31500244140625
2026-08-21 09:55:00-04:00,307.3800048828125
2026-08-21 10:00:00-04:00,307.8999938964844
2026-08-21 10:05:00-04:00,307.80010986328125
2026-08-21 10:10:00-04:00,307.7200012207031
2026-08-21 10:15:00-04:00,307.9849853515625
2026-08-21 10:20:00-04:00,307.8949890136719
2026-08-21 10:25:00-04:00,307.7950134277344
2026-08-21 10:30:00-04:00,308.0954895019531
2026-08-21 10:35:00-04:00,308.2174072265625
2026-08-21 10:40:00-04:00,308.57501220703125
2026-08-21 10:45:00-04:00,308.8399963378906
2026-08-21 10:50:00-04:00,308.885498046875
2026-08-21 10:55:00-04:00,309.4549865722656
2026-08-21 11:00:00-04:00,309.7349853515625
2026-08-21 11:05:00-04:00,309.55999755859375
2026-08-21 11:10:00-04:00,309.70001220703125
2026-08-21 11:15:00-04:00,310.04998779296875
2026-08-21 11:20:00-04:00,309.82501220703125
2026-08-21 11:25:00-04:00,310.6000061035156
2026-08-21 11:30:00-04:00,311.1000061035156
2026-08-21 11:35:00-04:00,311.4599914550781
2026-08-21 11:40:00-04:00,311.30999755859375
2026-08-21 11:45:00-04:00,311.1300048828125
2026-08-21 11:50:00-04:00,311.7900085449219
2026-08-21 11:55:00-04:00,311.510009765625
2026-08-21 12:00:00-04:00,311.375
2026-08-21 12:05:00-04:00,311.5
2026-08-21 12:10:00-04:00,311.19000244140625
2026-08-21 12:15:00-04:00,311.1050109863281
2026-08-21 12:20:00-04:00,311.364990234375
2026-08-21 12:25:00-04:00,311.20318603515625
2026-08-21 12:30:00-04:00,310.4100036621094
2026-08-21 12:35:00-04:00,310.7099914550781
2026-08-21 12:40:00-04:00,310.70001220703125
2026-08-21 12:45:00-04:00,310.79010009765625
2026-08-21 12:50:00-04:00,310.9700012207031
2026-08-21 12:55:00-04:00,311.0050048828125
2026-08-21 13:00:00-04:00,311.0299987792969
2026-08-21 13:05:00-04:00,311.57000732421875
2026-08-21 13:10:00-04:00,311.55999755859375
2026-08-21 13:15:00-04:00,311.42999267578125
2026-08-21 13:20:00-04:00,311.2699890136719
2026-08-21 13:25:00-04:00,311.05999755859375
2026-08-21 13:30:00-04:00,310.7900085449219
2026-08-21 13:35:00-04:00,310.32000732421875
2026-08-21 13:40:00-04:00,310.0400085449219
2026-08-21 13:45:00-04:00,309.7149963378906
2026-08-21 13:50:00-04:00,309.79998779296875
2026-08-21 13:55:00-04:00,309.55999755859375
2026-08-21 14:00:00-04:00,309.5249938964844
2026-08-21 14:05:00-04:00,309.3699951171875
2026-08-21 14:10:00-04:00,309.18499755859375
2026-08-21 14:15:00-04:00,309.0400085449219
2026-08-21 14:20:00-04:00,308.5299987792969
2026-08-21 14:25:00-04:00,308.4700012207031
2026-08-21 14:30:00-04:00,308.7200012207031
2026-08-21 14:35:00-04:00,308.82000732421875
2026-08-21 14:40:00-04:00,308.5450134277344
2026-08-21 14:45:00-04:00,308.6099853515625
2026-08-21 14:50:00-04:00,308.5899963378906
2026-08-21 14:55:00-04:00,308.7829895019531
2026-08-21 15:00:00-04:00,308.4800109863281
2026-08-21 15:05:00-04:00,308.4949951171875
2026-08-21 15:10:00-04:00,308.69000244140625
2026-08-21 15:15:00-04:00,309.3699951171875
2026-08-21 15:20:00-04:00,309.4700012207031
2026-08-21 15:25:00-04:00,309.739990234375
2026-08-21 15:30:00-04:00,309.7200012207031
2026-08-21 15:35:00-04:00,309.5199890136719
2026-08-21 15:40:00-04:00,309.5452880859375
2026-08-21 15:45:00-04:00,310.0249938964844
2026-08-21 15:50:00-04:00,309.9599914550781
2026-08-21 15:55:00-04:00,309.4200134277344
2026-08-24 09:30:00-04:00,310.489990234375
2026-08-24 09:35:00-04:00,311.54998779296875
2026-08-24 09:40:00-04:00,311.1300048828125
2026-08-24 09:45:00-04:00,311.44000244140625
2026-08-24 09:50:00-04:00,311.4599914550781
2026-08-24 09:55:00-04:00,311.875
2026-08-24 10:00:00-04:00,312.2850036621094
2026-08-24 10:05:00-04:00,312.0799865722656
2026-08-24 10:10:00-04:00,312.2300109863281
2026-08-24 10:15:00-04:00,312.9949951171875
2026-08-24 10:20:00-04:00,312.8999938964844
2026-08-24 10:25:00-04:00,312.94000244140625
2026-08-24 10:30:00-04:00,313.17498779296875
2026-08-24 10:35:00-04:00,312.95001220703125
2026-08-24 10:40:00-04:00,313.1000061035156
2026-08-24 10:45:00-04:00,313.19000244140625
2026-08-24 10:50:00-04:00,312.625
2026-08-24 10:55:00-04:00,312.9700012207031
2026-08-24 11:00:00-04:00,312.6050109863281
2026-08-24 11:05:00-04:00,311.68499755859375
2026-08-24 11:10:00-04:00,311.8800964355469
2026-08-24 11:15:00-04:00,311.79998779296875
2026-08-24 11:20:00-04:00,311.9501037597656
2026-08-24 11:25:00-04:00,312.239990234375
2026-08-24 11:30:00-04:00,311.92498779296875
2026-08-24 11:35:00-04:00,311.8599853515625
2026-08-24 11:40:00-04:00,312.239990234375
2026-08-24 11:45:00-04:00,311.9100036621094
2026-08-24 11:50:00-04:00,311.7950134277344
2026-08-24 11:55:00-04:00,311.69970703125
2026-08-24 12:00:00-04:00,311.80999755859375
2026-08-24 12:05:00-04:00,311.44000244140625
2026-08-24 12:10:00-04:00,311.4200134277344
2026-08-24 12:15:00-04:00,311.7149963378906
2026-08-24 12:20:00-04:00,311.7001037597656
2026-08-24 12:25:00-04:00,311.9285888671875
2026-08-24 12:30:00-04:00,312.1400146484375
2026-08-24 12:35:00-04:00,312.2200012207031
2026-08-24 12:40:00-04:00,312.25
2026-08-24 12:45:00-04:00,313.1700134277344
2026-08-24 12:50:00-04:00,312.9200134277344
2026-08-24 12:55:00-04:00,312.94000244140625
2026-08-24 13:00:00-04:00,312.5799865722656
2026-08-24 13:05:00-04:00,312.5199890136719
2026-08-24 13:10:00-04:00,312.4898986816406
2026-08-24 13:15:00-04:00,312.1000061035156
2026-08-24 13:20:00-04:00,312.0
2026-08-24 13:25:00-04:00,312.1199035644531
2026-08-24 13:30:00-04:00,312.05999755859375
2026-08-24 13:35:00-04:00,311.864990234375
2026-08-24 13:40:00-04:00,311.85150146484375
2026-08-24 13:45:00-04:00,312.0299987792969
2026-08-24 13:50:00-04:00,311.875
2026-08-24 13:55:00-04:00,312.0101013183594
2026-08-24 14:00:00-04:00,311.8450012207031
2026-08-24 14:05:00-04:00,311.7950134277344
2026-08-24 14:10:00-04:00,311.7250061035156
2026-08-24 14:15:00-04:00,311.6499938964844
2026-08-24 14:20:00-04:00,311.6449890136719
2026-08-24 14:25:00-04:00,311.739990234375
2026-08-24 14:30:00-04:00,311.4150085449219
2026-08-24 14:35:00-04:00,311.0899963378906
2026-08-24 14:40:00-04:00,310.93499755859375
2026-08-24 14:45:00-04:00,311.57000732421875
2026-08-24 14:50:00-04:00,311.55999755859375
2026-08-24 14:55:00-04:00,311.5899963378906
2026-08-24 15:00:00-04:00,311.5599060058594
2026-08-24 15:05:00-04:00,311.2900085449219
2026-08-24 15:10:00-04:00,311.2200012207031
2026-08-24 15:15:00-04:00,311.45001220703125
2026-08-24 15:20:00-04:00,311.3299865722656
2026-08-24 15:25:00-04:00,311.25
2026-08-24 15:30:00-04:00,311.1000061035156
2026-08-24 15:35:00-04:00,311.010009765625
2026-08-24 15:40:00-04:00,310.67999267578125
2026-08-24 15:45:00-04:00,310.94061279296875
2026-08-24 15:50:00-04:00,310.8299865722656
2026-08-24 15:55:00-04:00,310.3500061035156
2026-08-25 09:30:00-04:00,311.260009765625
2026-08-25 09:35:00-04:00,311.0799865722656
2026-08-25 09:40:00-04:00,310.5050048828125
2026-08-25 09:45:00-04:00,311.17498779296875
2026-08-25 09:50:00-04:00,311.3349914550781
2026-08-25 09:55:00-04:00,310.44000244140625
2026-08-25 10:00:00-04:00,310.2300109863281
2026-08-25 10:05:00-04:00,310.5299987792969
2026-08-25 10:10:00-04:00,310.0950927734375
2026-08-25 10:15:00-04:00,310.3399963378906
2026-08-25 10:20:00-04:00,310.55999755859375
2026-08-25 10:25:00-04:00,310.0849914550781
2026-08-25 10:30:00-04:00,310.2300109863281
2026-08-25 10:35:00-04:00,310.5710144042969
2026-08-25 10:40:00-04:00,309.8568115234375
2026-08-25 10:45:00-04:00,309.69000244140625
2026-08-25 10:50:00-04:00,309.67999267578125
2026-08-25 10:55:00-04:00,309.0899963378906
2026-08-25 11:00:00-04:00,308.7099914550781
2026-08-25 11:05:00-04:00,309.1600036621094
2026-08-25 11:10:00-04:00,309.4200134277344
2026-08-25 11:15:00-04:00,309.2349853515625
2026-08-25 11:20:00-04:00,308.92010498046875
2026-08-25 11:25:00-04:00,309.3100891113281
2026-08-25 11:30:00-04:00,309.340087890625
2026-08-25 11:35:00-04:00,309.6600036621094
2026-08-25 11:40:00-04:00,309.7749938964844
2026-08-25 11:45:00-04:00,309.2900085449219
2026-08-25 11:50:00-04:00,309.625
2026-08-25 11:55:00-04:00,309.6000061035156
2026-08-25 12:00:00-04:00,309.5799865722656
2026-08-25 12:05:00-04:00,309.4599914550781
2026-08-25 12:10:00-04:00,309.5299987792969
2026-08-25 12:15:00-04:00,309.6199951171875
2026-08-25 12:20:00-04:00,310.0799865722656
2026-08-25 12:25:00-04:00,309.9549865722656
2026-08-25 12:30:00-04:00,309.7950134277344
2026-08-25 12:35:00-04:00,309.5
2026-08-25 12:40:00-04:00,309.78729248046875
2026-08-25 12:45:00-04:00,309.7149963378906
2026-08-25 12:50:00-04:00,309.92999267578125
2026-08-25 12:55:00-04:00,310.0350036621094
2026-08-25 13:00:00-04:00,309.8598937988281
2026-08-25 13:05:00-04:00,309.70001220703125
2026-08-25 13:10:00-04:00,309.8200988769531
2026-08-25 13:15:00-04:00,309.9750061035156
2026-08-25 13:20:00-04:00,309.68011474609375
2026-08-25 13:25:00-04:00,309.6549987792969
2026-08-25 13:30:00-04:00,309.7200012207031
2026-08-25 13:35:00-04:00,309.69000244140625
2026-08-25 13:40:00-04:00,309.69000244140625
2026-08-25 13:45:00-04:00,309.6549987792969
2026-08-25 13:50:00-04:00,309.42999267578125
2026-08-25 13:55:00-04:00,309.4649963378906
2026-08-25 14:00:00-04:00,308.8800048828125
2026-08-25 14:05:00-04:00,309.04998779296875
2026-08-25 14:10:00-04:00,309.2850036621094
2026-08-25 14:15:00-04:00,309.4599914550781
2026-08-25 14:20:00-04:00,309.5
2026-08-25 14:25:00-04:00,309.5400085449219
2026-08-25 14:30:00-04:00,309.5403137207031
2026-08-25 14:35:00-04:00,309.1300048828125
2026-08-25 14:40:00-04:00,309.19500732421875
2026-08-25 14:45:00-04:00,309.1499938964844
2026-08-25 14:50:00-04:00,309.0899963378906
2026-08-25 14:55:00-04:00,308.5799865722656
2026-08-25 15:00:00-04:00,308.239990234375
2026-08-25 15:05:00-04:00,308.42999267578125
2026-08-25 15:10:00-04:00,308.69000244140625
2026-08-25 15:15:00-04:00,308.989990234375
2026-08-25 15:20:00-04:00,309.17999267578125
2026-08-25 15:25:00-04:00,308.9700927734375
2026-08-25 15:30:00-04:00,308.9700012207031
2026-08-25 15:35:00-04:00,308.8399963378906
2026-08-25 15:40:00-04:00,308.9599914550781
2026-08-25 15:45:00-04:00,309.32000732421875
2026-08-25 15:50:00-04:00,309.8900146484375
2026-08-25 15:55:00-04:00,309.8999938964844
2026-08-26 09:30:00-04:00,309.5199890136719
2026-08-26 09:35:00-04:00,310.2699890136719
2026-08-26 09:40:00-04:00,311.4100036621094
2026-08-26 09:45:00-04:00,311.5950012207031
2026-08-26 09:50:00-04:00,312.0299987792969
2026-08-26 09:55:00-04:00,312.5
2026-08-26 10:00:00-04:00,312.5249938964844
2026-08-26 10:05:00-04:00,312.3699951171875
2026-08-26 10:10:00-04:00,312.8349914550781
2026-08-26 10:15:00-04:00,312.6499938964844
2026-08-26 10:20:00-04:00,312.69000244140625
2026-08-26 10:25:00-04:00,311.7950134277344
2026-08-26 10:30:00-04:00,311.8599853515625
2026-08-26 10:35:00-04:00,312.114990234375
2026-08-26 10:40:00-04:00,312.4849853515625
2026-08-26 10:45:00-04:00,312.497314453125
2026-08-26 10:50:00-04:00,312.6650085449219
2026-08-26 10:55:00-04:00,312.79998779296875
2026-08-26 11:00:00-04:00,312.54278564453125
2026-08-26 11:05:00-04:00,313.2699890136719
2026-08-26 11:10:00-04:00,313.05499267578125
2026-08-26 11:15:00-04:00,312.75
2026-08-26 11:20:00-04:00,312.7300109863281
2026-08-26 11:25:00-04:00,312.5199890136719
2026-08-26 11:30:00-04:00,312.29998779296875
2026-08-26 11:35:00-04:00,312.4949951171875
2026-08-26 11:40:00-04:00,313.44000244140625
2026-08-26 11:45:00-04:00,313.3900146484375
2026-08-26 11:50:00-04:00,313.18499755859375
2026-08-26 11:55:00-04:00,312.94000244140625
2026-08-26 12:00:00-04:00,312.5899963378906
2026-08-26 12:05:00-04:00,313.4849853515625
2026-08-26 12:10:00-04:00,313.4100036621094
2026-08-26 12:15:00-04:00,313.4150085449219
2026-08-26 12:20:00-04:00,313.3399963378906
2026-08-26 12:25:00-04:00,313.2947082519531
2026-08-26 12:30:00-04:00,313.3599853515625
2026-08-26 12:35:00-04:00,312.772705078125
2026-08-26 12:40:00-04:00,312.7300109863281
2026-08-26 12:45:00-04:00,312.7099914550781
2026-08-26 12:50:00-04:00,312.7749938964844
2026-08-26 12:55:00-04:00,313.0299987792969
2026-08-26 13:00:00-04:00,312.7900085449219
2026-08-26 13:05:00-04:00,312.8280944824219
2026-08-26 13:10:00-04:00,312.6000061035156
2026-08-26 13:15:00-04:00,312.8334045410156
2026-08-26 13:20:00-04:00,313.2300109863281
2026-08-26 13:25:00-04:00,313.1300048828125
2026-08-26 13:30:00-04:00,313.17498779296875
2026-08-26 13:35:00-04:00,312.82501220703125
2026-08-26 13:40:00-04:00,312.7850036621094
2026-08-26 13:45:00-04:00,312.7799987792969
2026-08-26 13:50:00-04:00,313.0199890136719
2026-08-26 13:55:00-04:00,312.94000244140625
2026-08-26 14:00:00-04:00,313.07000732421875
2026-08-26 14:05:00-04:00,313.04998779296875
2026-08-26 14:10:00-04:00,312.81781005859375
2026-08-26 14:15:00-04:00,313.0299987792969
2026-08-26 14:20:00-04:00,312.989990234375
2026-08-26 14:25:00-04:00,313.0498962402344
2026-08-26 14:30:00-04:00,313.2099914550781
2026-08-26 14:35:00-04:00,313.1600036621094
2026-08-26 14:40:00-04:00,313.68499755859375
2026-08-26 14:45:00-04:00,314.2300109863281
2026-08-26 14:50:00-04:00,314.7449951171875
2026-08-26 14:55:00-04:00,314.56500244140625
2026-08-26 15:00:00-04:00,315.1700134277344
2026-08-26 15:05:00-04:00,315.1199951171875
2026-08-26 15:10:00-04:00,315.07000732421875
2026-08-26 15:15:00-04:00,315.04998779296875
2026-08-26 15:20:00-04:00,315.010009765625
2026-08-26 15:25:00-04:00,314.8446044921875
2026-08-26 15:30:00-04:00,314.8999938964844
2026-08-26 15:35:00-04:00,315.239990234375
2026-08-26 15:40:00-04:00,315.239990234375
2026-08-26 15:45:00-04:00,314.9743957519531
2026-08-26 15:50:00-04:00,314.29998779296875
2026-08-26 15:55:00-04:00,313.4800109863281
2026-08-27 09:30:00-04:00,309.94580078125
2026-08-27 09:35:00-04:00,310.6549987792969
2026-08-27 09:40:00-04:00,310.81500244140625
2026-08-27 09:45:00-04:00,311.56500244140625
2026-08-27 09:50:00-04:00,311.95001220703125
2026-08-27 09:55:00-04:00,311.6199951171875
2026-08-27 10:00:00-04:00,311.3500061035156
2026-08-27 10:05:00-04:00,310.48089599609375
2026-08-27 10:10:00-04:00,310.2200012207031
2026-08-27 10:15:00-04:00,310.0580139160156
2026-08-27 10:20:00-04:00,310.3949890136719
2026-08-27 10:25:00-04:00,310.7921142578125
2026-08-27 10:30:00-04:00,311.4388122558594
2026-08-27 10:35:00-04:00,312.989990234375
2026-08-27 10:40:00-04:00,312.8949890136719
2026-08-27 10:45:00-04:00,313.4800109863281
2026-08-27 10:50:00-04:00,313.5299987792969
2026-08-27 10:55:00-04:00,313.3999938964844
2026-08-27 11:00:00-04:00,314.30999755859375
2026-08-27 11:05:00-04:00,314.54998779296875
2026-08-27 11:10:00-04:00,314.7297058105469
2026-08-27 11:15:00-04:00,314.7749938964844
2026-08-27 11:20:00-04:00,314.80999755859375
2026-08-27 11:25:00-04:00,314.6499938964844
2026-08-27 11:30:00-04:00,314.5400085449219
2026-08-27 11:35:00-04:00,314.3699035644531
2026-08-27 11:40:00-04:00,314.7550048828125
2026-08-27 11:45:00-04:00,314.43499755859375
2026-08-27 11:50:00-04:00,314.67999267578125
2026-08-27 11:55:00-04:00,314.80499267578125
2026-08-27 12:00:00-04:00,314.8756103515625
2026-08-27 12:05:00-04:00,314.3599853515625
2026-08-27 12:10:00-04:00,314.68499755859375
2026-08-27 12:15:00-04:00,314.3699951171875
2026-08-27 12:20:00-04:00,314.3599853515625
2026-08-27 12:25:00-04:00,314.57000732421875
2026-08-27 12:30:00-04:00,314.4949951171875
2026-08-27 12:35:00-04:00,314.5950012207031
2026-08-27 12:40:00-04:00,314.7550048828125
2026-08-27 12:45:00-04:00,314.68499755859375
2026-08-27 12:50:00-04:00,315.0639953613281
2026-08-27 12:55:00-04:00,315.0
2026-08-27 13:00:00-04:00,314.864990234375
2026-08-27 13:05:00-04:00,315.2298889160156
2026-08-27 13:10:00-04:00,314.92999267578125
2026-08-27 13:15:00-04:00,315.2250061035156
2026-08-27 13:20:00-04:00,315.0150146484375
2026-08-27 13:25:00-04:00,315.2699890136719
2026-08-27 13:30:00-04:00,314.8900146484375
2026-08-27 13:35:00-04:00,314.5400085449219
2026-08-27 13:40:00-04:00,314.6899108886719
2026-08-27 13:45:00-04:00,314.82501220703125
2026-08-27 13:50:00-04:00,314.7650146484375
2026-08-27 13:55:00-04:00,314.82501220703125
2026-08-27 14:00:00-04:00,314.2300109863281
2026-08-27 14:05:00-04:00,314.3699951171875
2026-08-27 14:10:00-04:00,314.3299865722656
2026-08-27 14:15:00-04:00,314.32000732421875
2026-08-27 14:20:00-04:00,314.2054138183594
2026-08-27 14:25:00-04:00,314.17999267578125
2026-08-27 14:30:00-04:00,313.9200134277344
2026-08-27 14:35:00-04:00,314.3900146484375
2026-08-27 14:40:00-04:00,314.2449951171875
2026-08-27 14:45:00-04:00,314.2699890136719
2026-08-27 14:50:00-04:00,313.67999267578125
2026-08-27 14:55:00-04:00,313.8794860839844
2026-08-27 15:00:00-04:00,313.9601135253906
2026-08-27 15:05:00-04:00,314.1000061035156
2026-08-27 15:10:00-04:00,314.2099914550781
2026-08-27 15:15:00-04:00,314.2200012207031
2026-08-27 15:20:00-04:00,313.6700134277344
2026-08-27 15:25:00-04:00,313.57000732421875
2026-08-27 15:30:00-04:00,313.635009765625
2026-08-27 15:35:00-04:00,313.6400146484375
2026-08-27 15:40:00-04:00,313.8900146484375
2026-08-27 15:45:00-04:00,314.0299987792969
2026-08-27 15:50:00-04:00,314.8818054199219
2026-08-27 15:55:00-04:00,314.57501220703125
2026-08-28 09:30:00-04:00,317.6549987792969
2026-08-28 09:35:00-04:00,317.17999267578125
2026-08-28 09:40:00-04:00,317.32000732421875
2026-08-28 09:45:00-04:00,315.8700866699219
2026-08-28 09:50:00-04:00,316.2001037597656
2026-08-28 09:55:00-04:00,316.7799987792969
2026-08-28 10:00:00-04:00,316.7850036621094
2026-08-28 10:05:00-04:00,316.80999755859375
2026-08-28 10:10:00-04:00,316.5
2026-08-28 10:15:00-04:00,316.80499267578125
2026-08-28 10:20:00-04:00,317.0168151855469
2026-08-28 10:25:00-04:00,316.7250061035156
2026-08-28 10:30:00-04:00,317.0450134277344
2026-08-28 10:35:00-04:00,317.5400085449219
2026-08-28 10:40:00-04:00,319.4700012207031
2026-08-28 10:45:00-04:00,319.2200012207031
2026-08-28 10:50:00-04:00,320.0199890136719
2026-08-28 10:55:00-04:00,320.7099914550781
2026-08-28 11:00:00-04:00,321.2149963378906
2026-08-28 11:05:00-04:00,320.55499267578125
2026-08-28 11:10:00-04:00,320.8500061035156
2026-08-28 11:15:00-04:00,321.1449890136719
2026-08-28 11:20:00-04:00,321.489990234375
2026-08-28 11:25:00-04:00,321.94000244140625
2026-08-28 11:30:00-04:00,322.1700134277344
2026-08-28 11:35:00-04:00,321.510009765625
2026-08-28 11:40:00-04:00,321.79998779296875
2026-08-28 11:45:00-04:00,322.0899963378906
2026-08-28 11:50:00-04:00,321.57000732421875
2026-08-28 11:55:00-04:00,321.4800109863281
2026-08-28 12:00:00-04:00,321.7149963378906
2026-08-28 12:05:00-04:00,321.30010986328125
2026-08-28 12:10:00-04:00,321.6199951171875
2026-08-28 12:15:00-04:00,321.1000061035156
2026-08-28 12:20:00-04:00,320.94000244140625
2026-08-28 12:25:00-04:00,320.9700012207031
2026-08-28 12:30:00-04:00,321.2449951171875
2026-08-28 12:35:00-04:00,321.30999755859375
2026-08-28 12:40:00-04:00,320.625
2026-08-28 12:45:00-04:00,321.19000244140625
2026-08-28 12:50:00-04:00,320.7817077636719
2026-08-28 12:55:00-04:00,320.8450012207031
2026-08-28 13:00:00-04:00,320.70001220703125
2026-08-28 13:05:00-04:00,320.57000732421875
2026-08-28 13:10:00-04:00,320.7699890136719
2026-08-28 13:15:00-04:00,320.1600036621094
2026-08-28 13:20:00-04:00,319.7300109863281
2026-08-28 13:25:00-04:00,319.739990234375
2026-08-28 13:30:00-04:00,319.8349914550781
2026-08-28 13:35:00-04:00,319.3800048828125
2026-08-28 13:40:00-04:00,319.4150085449219
2026-08-28 13:45:00-04:00,319.4624938964844
2026-08-28 13:50:00-04:00,319.5
2026-08-28 13:55:00-04:00,319.69000244140625
2026-08-28 14:00:00-04:00,319.875
2026-08-28 14:05:00-04:00,319.635009765625
2026-08-28 14:10:00-04:00,319.6499938964844
2026-08-28 14:15:00-04:00,319.6099853515625
2026-08-28 14:20:00-04:00,319.4800109863281
2026-08-28 14:25:00-04:00,319.5400085449219
2026-08-28 14:30:00-04:00,319.6300048828125
2026-08-28 14:35:00-04:00,319.5299987792969
2026-08-28 14:40:00-04:00,319.5950012207031
2026-08-28 14:45:00-04:00,319.4599914550781
2026-08-28 14:50:00-04:00,319.489990234375
2026-08-28 14:55:00-04:00,319.81500244140625
2026-08-28 15:00:00-04:00,319.7373962402344
2026-08-28 15:05:00-04:00,319.5899963378906
2026-08-28 15:10:00-04:00,319.6400146484375
2026-08-28 15:15:00-04:00,319.760009765625
2026-08-28 15:20:00-04:00,319.7099914550781
2026-08-28 15:25:00-04:00,319.5450134277344
2026-08-28 15:30:00-04:00,320.0
2026-08-28 15:35:00-04:00,319.9800109863281
2026-08-28 15:40:00-04:00,319.8349914550781
2026-08-28 15:45:00-04:00,319.8299865722656
2026-08-28 15:50:00-04:00,319.92999267578125
2026-08-28 15:55:00-04:00,319.6400146484375
2026-08-31 09:30:00-04:00,318.07501220703125
2026-08-31 09:35:00-04:00,318.6499938964844
2026-08-31 09:40:00-04:00,317.375
2026-08-31 09:45:00-04:00,317.3900146484375
2026-08-31 09:50:00-04:00,317.95001220703125
2026-08-31 09:55:00-04:00,317.260009765625
2026-08-31 10:00:00-04:00,316.5199890136719
2026-08-31 10:05:00-04:00,316.3599853515625
2026-08-31 10:10:00-04:00,316.5150146484375
2026-08-31 10:15:00-04:00,316.19000244140625
2026-08-31 10:20:00-04:00,315.6199951171875
2026-08-31 10:25:00-04:00,315.7099914550781
2026-08-31 10:30:00-04:00,314.4049987792969
2026-08-31 10:35:00-04:00,314.95001220703125
2026-08-31 10:40:00-04:00,314.9750061035156
2026-08-31 10:45:00-04:00,315.07000732421875
2026-08-31 10:50:00-04:00,314.9800109863281
2026-08-31 10:55:00-04:00,315.3800048828125
2026-08-31 11:00:00-04:00,315.23809814453125
2026-08-31 11:05:00-04:00,315.4549865722656
2026-08-31 11:10:00-04:00,315.31500244140625
2026-08-31 11:15:00-04:00,315.17999267578125
2026-08-31 11:20:00-04:00,315.06500244140625
2026-08-31 11:25:00-04:00,315.06988525390625
2026-08-31 11:30:00-04:00,315.1000061035156
2026-08-31 11:35:00-04:00,314.7300109863281
2026-08-31 11:40:00-04:00,314.91900634765625
2026-08-31 11:45:00-04:00,314.9150085449219
2026-08-31 11:50:00-04:00,314.92999267578125
2026-08-31 11:55:00-04:00,314.6600036621094
2026-08-31 12:00:00-04:00,314.3699951171875
2026-08-31 12:05:00-04:00,314.010009765625
2026-08-31 12:10:00-04:00,314.4599914550781
2026-08-31 12:15:00-04:00,314.25
2026-08-31 12:20:00-04:00,314.30999755859375
2026-08-31 12:25:00-04:00,314.6700134277344
2026-08-31 12:30:00-04:00,314.06500244140625
2026-08-31 12:35:00-04:00,313.1300048828125
2026-08-31 12:40:00-04:00,313.4800109863281
2026-08-31 12:45:00-04:00,313.70001220703125
2026-08-31 12:50:00-04:00,313.760009765625
2026-08-31 12:55:00-04:00,313.760009765625
2026-08-31 13:00:00-04:00,313.4800109863281
2026-08-31 13:05:00-04:00,313.62200927734375
2026-08-31 13:10:00-04:00,314.0314025878906
2026-08-31 13:15:00-04:00,314.07000732421875
2026-08-31 13:20:00-04:00,314.1499938964844
2026-08-31 13:25:00-04:00,313.8800048828125
2026-08-31 13:30:00-04:00,313.3949890136719
2026-08-31 13:35:00-04:00,314.0950012207031
2026-08-31 13:40:00-04:00,314.1700134277344
2026-08-31 13:45:00-04:00,314.42498779296875
2026-08-31 13:50:00-04:00,315.1000061035156
2026-08-31 13:55:00-04:00,315.07489013671875
2026-08-31 14:00:00-04:00,315.1600036621094
2026-08-31 14:05:00-04:00,315.6000061035156
2026-08-31 14:10:00-04:00,315.3599853515625
2026-08-31 14:15:00-04:00,315.43109130859375
2026-08-31 14:20:00-04:00,315.80499267578125
2026-08-31 14:25:00-04:00,315.68499755859375
2026-08-31 14:30:00-04:00,315.8399963378906
2026-08-31 14:35:00-04:00,315.2926025390625
2026-08-31 14:40:00-04:00,315.2701110839844
2026-08-31 14:45:00-04:00,315.2900085449219
2026-08-31 14:50:00-04:00,315.3999938964844
2026-08-31 14:55:00-04:00,315.3900146484375
2026-08-31 15:00:00-04:00,315.6050109863281
2026-08-31 15:05:00-04:00,315.65008544921875
2026-08-31 15:10:00-04:00,316.0299987792969
2026-08-31 15:15:00-04:00,315.93499755859375
2026-08-31 15:20:00-04:00,315.82000732421875
2026-08-31 15:25:00-04:00,316.0249938964844
2026-08-31 15:30:00-04:00,315.82000732421875
2026-08-31 15:35:00-04:00,316.0400085449219
2026-08-31 15:40:00-04:00,316.4599914550781
2026-08-31 15:45:00-04:00,316.75
2026-08-31 15:50:00-04:00,316.9549865722656
2026-08-31 15:55:00-04:00,317.2300109863281
2026-09-01 09:30:00-04:00,315.3399963378906
2026-09-01 09:35:00-04:00,318.1650085449219
2026-09-01 09:40:00-04:00,319.1499938964844
2026-09-01 09:45:00-04:00,320.6700134277344
2026-09-01 09:50:00-04:00,321.7449951171875
2026-09-01 09:55:00-04:00,322.69500732421875
2026-09-01 10:00:00-04:00,321.80999755859375
2026-09-01 10:05:00-04:00,323.0
2026-09-01 10:10:00-04:00,323.4049987792969
2026-09-01 10:15:00-04:00,323.5801086425781
2026-09-01 10:20:00-04:00,325.1449890136719
2026-09-01 10:25:00-04:00,325.1499938964844
